Name,Row,Col,Country,Terrain,CitySize,mark
R1C56,1,56,CAN,Flat,None,c
R1C54,1,54,CAN,Flat,None,c
R1C60,1,60,CAN,Flat,None,c
R1C62,1,62,CAN,Flat,None,c
R1C64,1,64,CAN,Flat,None,c
R1C52,1,52,CAN,Flat,None,c
R1C24,1,24,CAN,Flat,None,c
R1C26,1,26,CAN,Flat,None,c
R1C20,1,20,CAN,Flat,None,c
R1C22,1,22,CAN,Flat,None,c
R1C28,1,28,CAN,Flat,None,c
R1C6,1,6,CAN,Mountain,None,mc
R1C8,1,8,CAN,Mountain,None,mc
R1C38,1,38,CAN,Flat,None,c
R1C58,1,58,CAN,Flat,None,c
R1C10,1,10,CAN,Mountain,None,mc
R1C12,1,12,CAN,Mountain,None,mc
R1C14,1,14,CAN,Flat,None,c
R1C16,1,16,CAN,Flat,None,c
R1C18,1,18,CAN,Flat,None,c
R1C30,1,30,CAN,Flat,None,c
R1C36,1,36,CAN,Flat,None,c
R1C34,1,34,CAN,Flat,None,c
R1C32,1,32,CAN,Flat,None,c
R1C50,1,50,CAN,Flat,None,c
R2C61,2,61,CAN,Flat,None,c
R2C63,2,63,CAN,Flat,None,c
R2C49,2,49,CAN,Flat,None,c
R2C53,2,53,CAN,Flat,None,c
R2C25,2,25,CAN,Flat,None,c
R2C27,2,27,CAN,Flat,None,c
R2C21,2,21,CAN,Flat,None,c
R2C23,2,23,CAN,Flat,None,c
R2C29,2,29,CAN,Flat,None,c
R2C5,2,5,CAN,Mountain,None,mc
R2C7,2,7,CAN,Mountain,None,mc
R2C9,2,9,CAN,Mountain,None,mc
R2C51,2,51,CAN,Flat,None,c
R2C39,2,39,CAN,Flat,None,c
R2C59,2,59,CAN,Flat,None,c
R2C11,2,11,CAN,Mountain,None,mc
R2C13,2,13,CAN,Mountain,None,mc
R2C15,2,15,CAN,Flat,None,c
R2C17,2,17,CAN,Flat,None,c
R2C19,2,19,CAN,Flat,None,c
R2C31,2,31,CAN,Flat,None,c
R2C37,2,37,CAN,Flat,None,c
R2C35,2,35,CAN,Flat,None,c
R2C33,2,33,CAN,Flat,None,c
R2C55,2,55,CAN,Flat,None,c
R2C57,2,57,CAN,Flat,None,c
R3C56,3,56,CAN,Flat,None,c
R3C54,3,54,CAN,Flat,None,c
R3C42,3,42,CAN,Flat,None,c
R3C60,3,60,CAN,Flat,None,c
R3C62,3,62,CAN,Flat,None,c
R3C52,3,52,CAN,Flat,None,c
R3C24,3,24,CAN,Flat,None,c
R3C26,3,26,CAN,Flat,None,c
R3C20,3,20,CAN,Flat,None,c
R3C22,3,22,CAN,Flat,None,c
R3C44,3,44,CAN,Flat,None,c
R3C28,3,28,CAN,Flat,None,c
R3C40,3,40,CAN,Flat,None,c
R3C6,3,6,CAN,Mountain,None,mc
R3C8,3,8,CAN,Mountain,None,mc
R3C38,3,38,CAN,Flat,None,c
R3C58,3,58,CAN,Flat,None,c
R3C10,3,10,CAN,Mountain,None,mc
R3C12,3,12,CAN,Mountain,None,mc
R3C14,3,14,CAN,Flat,None,c
R3C16,3,16,CAN,Flat,None,c
R3C18,3,18,CAN,Flat,None,c
R3C30,3,30,CAN,Flat,None,c
R3C36,3,36,CAN,Flat,None,c
R3C34,3,34,CAN,Flat,None,c
R3C32,3,32,CAN,Flat,None,c
R3C50,3,50,CAN,Flat,None,c
R4C43,4,43,CAN,Flat,None,c
R4C61,4,61,CAN,Flat,None,c
R4C49,4,49,CAN,Flat,None,c
R4C53,4,53,CAN,Flat,None,c
R4C25,4,25,CAN,Flat,None,c
R4C27,4,27,CAN,Flat,None,c
R4C21,4,21,CAN,Flat,None,c
R4C23,4,23,CAN,Flat,None,c
R4C29,4,29,CAN,Flat,None,c
R4C41,4,41,CAN,Flat,None,c
R4C5,4,5,CAN,Mountain,None,mc
R4C7,4,7,CAN,Mountain,None,mc
R4C9,4,9,CAN,Mountain,None,mc
R4C51,4,51,CAN,Flat,None,c
R4C39,4,39,CAN,Flat,None,c
R4C59,4,59,CAN,Flat,None,c
R4C11,4,11,CAN,Mountain,None,mc
R4C13,4,13,CAN,Mountain,None,mc
R4C15,4,15,CAN,Flat,None,c
R4C17,4,17,CAN,Flat,None,c
R4C19,4,19,CAN,Flat,None,c
R4C31,4,31,CAN,Flat,None,c
R4C37,4,37,CAN,Flat,None,c
R4C35,4,35,CAN,Flat,None,c
R4C33,4,33,CAN,Flat,None,c
R4C55,4,55,CAN,Flat,None,c
R4C57,4,57,CAN,Flat,None,c
R5C56,5,56,CAN,Flat,None,c
R5C54,5,54,CAN,Flat,None,c
R5C42,5,42,CAN,Flat,None,c
R5C60,5,60,CAN,Flat,None,c
R5C64,5,64,CAN,Flat,None,c
R5C52,5,52,CAN,Flat,None,c
R5C24,5,24,CAN,Flat,None,c
R5C26,5,26,CAN,Flat,None,c
R5C20,5,20,CAN,Flat,None,c
R5C22,5,22,CAN,Flat,None,c
R5C44,5,44,CAN,Flat,None,c
R5C28,5,28,CAN,Flat,None,c
R5C40,5,40,CAN,Flat,None,c
R5C4,5,4,CAN,Mountain,None,mc
R5C6,5,6,CAN,Mountain,None,mc
R5C8,5,8,CAN,Mountain,None,mc
R5C38,5,38,CAN,Flat,None,c
R5C58,5,58,CAN,Flat,None,c
R5C10,5,10,CAN,Mountain,None,mc
R5C12,5,12,CAN,Mountain,None,mc
R5C14,5,14,CAN,Flat,None,c
R5C16,5,16,CAN,Flat,None,c
R5C18,5,18,CAN,Flat,None,c
R5C30,5,30,CAN,Flat,None,c
R5C36,5,36,CAN,Flat,None,c
R5C34,5,34,CAN,Flat,None,c
R5C32,5,32,CAN,Flat,None,c
R5C50,5,50,CAN,Flat,None,c
R6C43,6,43,CAN,Flat,None,c
R6C49,6,49,CAN,Flat,None,c
R6C53,6,53,CAN,Flat,None,c
R6C25,6,25,CAN,Flat,None,c
R6C27,6,27,CAN,Flat,None,c
R6C21,6,21,CAN,Flat,None,c
R6C23,6,23,CAN,Flat,None,c
R6C29,6,29,CAN,Flat,None,c
R6C41,6,41,CAN,Flat,None,c
R6C3,6,3,CAN,Mountain,None,mc
R6C5,6,5,CAN,Mountain,None,mc
R6C7,6,7,CAN,Mountain,None,mc
R6C9,6,9,CAN,Mountain,None,mc
R6C51,6,51,CAN,Flat,None,c
R6C39,6,39,CAN,Flat,None,c
R6C59,6,59,CAN,Flat,None,c
R6C11,6,11,CAN,Mountain,None,mc
R6C13,6,13,CAN,Mountain,None,mc
R6C15,6,15,CAN,Flat,None,c
R6C17,6,17,CAN,Flat,None,c
R6C19,6,19,CAN,Flat,None,c
R6C31,6,31,CAN,Flat,None,c
R6C37,6,37,CAN,Flat,None,c
R6C35,6,35,CAN,Flat,None,c
R6C33,6,33,CAN,Flat,None,c
R6C55,6,55,CAN,Flat,None,c
R6C57,6,57,CAN,Flat,None,c
R7C56,7,56,CAN,Flat,None,c
R7C54,7,54,CAN,Flat,None,c
R7C42,7,42,CAN,Flat,None,c
R7C52,7,52,CAN,Flat,None,c
R7C24,7,24,CAN,Flat,None,c
R7C26,7,26,CAN,Flat,None,c
R7C20,7,20,CAN,Flat,None,c
R7C22,7,22,CAN,Flat,None,c
R7C44,7,44,CAN,Flat,None,c
R7C28,7,28,CAN,Flat,None,c
R7C40,7,40,CAN,Flat,None,c
R7C4,7,4,CAN,Mountain,None,mc
R7C6,7,6,CAN,Mountain,None,mc
R7C8,7,8,CAN,Flat,None,c
R7C38,7,38,CAN,Flat,None,c
R7C58,7,58,CAN,Flat,None,c
R7C10,7,10,CAN,Mountain,None,mc
R7C12,7,12,CAN,Mountain,None,mc
R7C14,7,14,CAN,Mountain,None,mc
R7C16,7,16,CAN,Flat,None,c
R7C18,7,18,CAN,Flat,None,c
R7C30,7,30,CAN,Flat,None,c
R7C36,7,36,CAN,Flat,None,c
R7C34,7,34,CAN,Flat,None,c
R7C32,7,32,CAN,Flat,None,c
R7C50,7,50,CAN,Flat,None,c
R8C43,8,43,CAN,Flat,None,c
R8C49,8,49,CAN,Flat,None,c
R8C53,8,53,CAN,Flat,None,c
R8C25,8,25,CAN,Flat,None,c
R8C27,8,27,CAN,Flat,None,c
R8C21,8,21,CAN,Flat,None,c
R8C23,8,23,CAN,Flat,None,c
R8C45,8,45,CAN,Flat,None,c
R8C29,8,29,CAN,Flat,None,c
R8C41,8,41,CAN,Flat,None,c
R8C5,8,5,CAN,Mountain,None,mc
R8C7,8,7,CAN,Mountain,None,mc
R8C9,8,9,CAN,Mountain,None,mc
R8C51,8,51,CAN,Flat,None,c
R8C39,8,39,CAN,Flat,None,c
R8C59,8,59,CAN,Flat,None,c
R8C11,8,11,CAN,Mountain,None,mc
R8C13,8,13,CAN,Mountain,None,mc
R8C15,8,15,CAN,Mountain,None,mc
R8C17,8,17,CAN,Flat,None,c
R8C19,8,19,CAN,Flat,None,c
R8C31,8,31,CAN,Flat,None,c
R8C37,8,37,CAN,Flat,None,c
R8C35,8,35,CAN,Flat,None,c
R8C33,8,33,CAN,Flat,None,c
R8C55,8,55,CAN,Flat,None,c
R8C57,8,57,CAN,Flat,None,c
R9C56,9,56,CAN,Flat,None,c
R9C54,9,54,CAN,Flat,None,c
R9C42,9,42,CAN,Flat,None,c
R9C62,9,62,CAN,Flat,None,c
R9C52,9,52,CAN,Flat,None,c
R9C24,9,24,CAN,Flat,None,c
R9C26,9,26,CAN,Flat,None,c
R9C20,9,20,CAN,Flat,None,c
R9C22,9,22,CAN,Flat,None,c
R9C44,9,44,CAN,Flat,None,c
R9C28,9,28,CAN,Flat,None,c
R9C40,9,40,CAN,Flat,None,c
R9C6,9,6,CAN,Mountain,None,mc
R9C8,9,8,CAN,Mountain,None,mc
R9C38,9,38,CAN,Flat,None,c
R9C58,9,58,CAN,Flat,None,c
R9C10,9,10,CAN,Flat,None,c
R9C12,9,12,CAN,Mountain,None,mc
R9C14,9,14,CAN,Mountain,None,mc
R9C16,9,16,CAN,Flat,None,c
R9C18,9,18,CAN,Flat,None,c
R9C36,9,36,CAN,Flat,None,c
R9C34,9,34,CAN,Flat,None,c
R9C32,9,32,CAN,Flat,None,c
R9C50,9,50,CAN,Flat,None,c
R10C43,10,43,CAN,Flat,None,c
R10C61,10,61,CAN,Flat,None,c
R10C49,10,49,CAN,Flat,None,c
R10C53,10,53,CAN,Flat,None,c
R10C25,10,25,CAN,Flat,None,c
R10C27,10,27,CAN,Flat,None,c
R10C21,10,21,CAN,Flat,None,c
R10C23,10,23,CAN,Flat,None,c
R10C45,10,45,CAN,Flat,None,c
R10C41,10,41,CAN,Flat,None,c
R10C7,10,7,CAN,Mountain,None,mc
R10C9,10,9,CAN,Flat,None,c
R10C51,10,51,CAN,Flat,None,c
R10C39,10,39,CAN,Flat,None,c
R10C59,10,59,CAN,Flat,None,c
R10C11,10,11,CAN,Mountain,None,mc
R10C13,10,13,CAN,Mountain,None,mc
R10C15,10,15,CAN,Mountain,None,mc
R10C17,10,17,CAN,Flat,None,c
R10C19,10,19,CAN,Flat,None,c
R10C37,10,37,CAN,Flat,None,c
R10C35,10,35,CAN,Flat,None,c
R10C33,10,33,CAN,Flat,None,c
R10C55,10,55,CAN,Flat,None,c
R10C57,10,57,CAN,Flat,None,c
R11C56,11,56,CAN,Flat,None,c
R11C54,11,54,CAN,Flat,None,c
R11C42,11,42,CAN,Flat,None,c
R11C48,11,48,CAN,Flat,None,c
R11C60,11,60,CAN,Mountain,None,mc
R11C52,11,52,CAN,Flat,None,c
R11C24,11,24,CAN,Flat,None,c
R11C26,11,26,CAN,Flat,None,c
R11C20,11,20,CAN,Flat,None,c
R11C22,11,22,CAN,Flat,None,c
R11C46,11,46,CAN,Flat,None,c
R11C44,11,44,CAN,Flat,None,c
R11C28,11,28,CAN,Flat,None,c
R11C40,11,40,CAN,Flat,None,c
R11C6,11,6,CAN,Mountain,None,mc
R11C8,11,8,CAN,Flat,None,c
R11C38,11,38,CAN,Flat,None,c
R11C58,11,58,CAN,Flat,None,c
R11C10,11,10,CAN,Mountain,None,mc
R11C12,11,12,CAN,Flat,None,c
R11C14,11,14,CAN,Flat,None,c
R11C16,11,16,CAN,Mountain,None,mc
R11C18,11,18,CAN,Flat,None,c
R11C36,11,36,CAN,Flat,None,c
R11C34,11,34,CAN,Flat,None,c
R11C32,11,32,CAN,Flat,None,c
R11C50,11,50,CAN,Flat,None,c
R12C43,12,43,CAN,Flat,None,c
R12C61,12,61,CAN,Mountain,None,mc
R12C63,12,63,CAN,Mountain,None,mc
R12C49,12,49,CAN,Flat,None,c
R12C53,12,53,CAN,Flat,None,c
R12C25,12,25,CAN,Flat,None,c
R12C27,12,27,CAN,Flat,None,c
R12C21,12,21,CAN,Flat,None,c
R12C23,12,23,CAN,Flat,None,c
R12C47,12,47,CAN,Flat,None,c
R12C45,12,45,CAN,Flat,None,c
R12C29,12,29,CAN,Flat,None,c
R12C41,12,41,CAN,Flat,None,c
R12C7,12,7,CAN,Mountain,None,mc
R12C9,12,9,CAN,Mountain,None,mc
R12C51,12,51,CAN,Flat,None,c
R12C39,12,39,CAN,Flat,None,c
R12C11,12,11,CAN,Mountain,None,mc
R12C13,12,13,CAN,Mountain,None,mc
R12C15,12,15,CAN,Flat,None,c
Calgary,12,17,CAN,Flat,Small,1c_Calgary
R12C19,12,19,CAN,Flat,None,c
R12C37,12,37,CAN,Flat,None,c
R12C35,12,35,CAN,Flat,None,c
R12C33,12,33,CAN,Flat,None,c
R12C55,12,55,CAN,Flat,None,c
R12C57,12,57,CAN,Flat,None,c
R13C56,13,56,CAN,Flat,None,c
R13C54,13,54,CAN,Flat,None,c
R13C42,13,42,CAN,Flat,None,c
R13C48,13,48,CAN,Flat,None,c
R13C60,13,60,CAN,Mountain,None,mc
R13C62,13,62,CAN,Mountain,None,mc
R13C52,13,52,CAN,Flat,None,c
R13C24,13,24,CAN,Flat,None,c
R13C26,13,26,CAN,Flat,None,c
R13C20,13,20,CAN,Flat,None,c
R13C22,13,22,CAN,Flat,None,c
R13C46,13,46,CAN,Flat,None,c
R13C44,13,44,CAN,Flat,None,c
R13C28,13,28,CAN,Flat,None,c
R13C40,13,40,CAN,Flat,None,c
R13C8,13,8,CAN,Mountain,None,mc
R13C38,13,38,CAN,Flat,None,c
R13C58,13,58,CAN,Mountain,None,mc
R13C10,13,10,CAN,Mountain,None,mc
R13C12,13,12,CAN,Flat,None,c
R13C14,13,14,CAN,Mountain,None,mc
R13C16,13,16,CAN,Mountain,None,mc
R13C18,13,18,CAN,Flat,None,c
R13C30,13,30,CAN,Flat,None,c
R13C36,13,36,CAN,Flat,None,c
R13C34,13,34,CAN,Flat,None,c
R13C32,13,32,CAN,Flat,None,c
R13C50,13,50,CAN,Flat,None,c
R14C43,14,43,CAN,Flat,None,c
R14C61,14,61,CAN,Mountain,None,mc
R14C63,14,63,CAN,Flat,None,c
R14C49,14,49,CAN,Flat,None,c
R14C67,14,67,CAN,Flat,None,c
R14C53,14,53,CAN,Flat,None,c
R14C25,14,25,CAN,Flat,None,c
R14C27,14,27,CAN,Flat,None,c
R14C21,14,21,CAN,Flat,None,c
R14C23,14,23,CAN,Flat,None,c
R14C47,14,47,CAN,Flat,None,c
R14C45,14,45,CAN,Flat,None,c
R14C29,14,29,CAN,Flat,None,c
R14C41,14,41,CAN,Mountain,None,mc
Vancouver,14,7,CAN,Flat,Small,1c_Vancouver
R14C9,14,9,CAN,Mountain,None,mc
R14C51,14,51,CAN,Flat,None,c
R14C39,14,39,CAN,Flat,None,c
R14C65,14,65,CAN,Flat,None,c
R14C59,14,59,CAN,Mountain,None,mc
R14C11,14,11,CAN,Mountain,None,mc
R14C13,14,13,CAN,Mountain,None,mc
R14C15,14,15,CAN,Mountain,None,mc
R14C17,14,17,CAN,Mountain,None,mc
R14C19,14,19,CAN,Flat,None,c
R14C31,14,31,CAN,Flat,None,c
R14C37,14,37,CAN,Flat,None,c
R14C35,14,35,CAN,Flat,None,c
R14C33,14,33,CAN,Flat,None,c
R14C55,14,55,CAN,Flat,None,c
R14C57,14,57,CAN,Mountain,None,mc
R15C56,15,56,CAN,Mountain,None,mc
R15C54,15,54,CAN,Flat,None,c
R15C42,15,42,CAN,Flat,None,c
R15C48,15,48,CAN,Flat,None,c
R15C60,15,60,USA,Mountain,None,mu
R15C62,15,62,CAN,Mountain,None,mc
R15C64,15,64,CAN,Flat,None,c
R15C66,15,66,CAN,Flat,None,c
R15C52,15,52,CAN,Flat,None,c
Regina,15,24,CAN,Flat,Small,1c_Regina
R15C26,15,26,CAN,Flat,None,c
R15C20,15,20,CAN,Flat,None,c
R15C22,15,22,CAN,Flat,None,c
R15C46,15,46,CAN,Flat,None,c
R15C44,15,44,CAN,Flat,None,c
R15C28,15,28,CAN,Flat,None,c
R15C40,15,40,CAN,Flat,None,c
R15C4,15,4,USA,Flat,None,u
R15C8,15,8,CAN,Flat,None,c
R15C38,15,38,CAN,Flat,None,c
R15C58,15,58,CAN,Mountain,None,mc
R15C10,15,10,CAN,Mountain,None,mc
R15C12,15,12,CAN,Mountain,None,mc
R15C14,15,14,CAN,Flat,None,c
R15C16,15,16,CAN,Mountain,None,mc
R15C18,15,18,CAN,Flat,None,c
R15C30,15,30,CAN,Flat,None,c
R15C36,15,36,CAN,Flat,None,c
R15C34,15,34,CAN,Flat,None,c
R15C50,15,50,CAN,Flat,None,c
R16C43,16,43,CAN,Flat,None,c
R16C61,16,61,USA,Mountain,None,mu
R16C63,16,63,CAN,Flat,None,c
R16C49,16,49,CAN,Flat,None,c
R16C67,16,67,CAN,Flat,None,c
R16C53,16,53,CAN,Flat,None,c
R16C25,16,25,CAN,Flat,None,c
R16C27,16,27,CAN,Flat,None,c
R16C21,16,21,CAN,Flat,None,c
R16C23,16,23,CAN,Flat,None,c
R16C47,16,47,CAN,Flat,None,c
R16C45,16,45,CAN,Flat,None,c
R16C29,16,29,CAN,Flat,None,c
R16C41,16,41,CAN,Mountain,None,mc
R16C5,16,5,USA,Flat,None,u
R16C7,16,7,USA,Mountain,None,mu
R16C9,16,9,USA,Mountain,None,mu
R16C51,16,51,CAN,Flat,None,c
R16C39,16,39,CAN,Flat,None,c
R16C65,16,65,CAN,Flat,None,c
R16C59,16,59,CAN,Mountain,None,mc
R16C11,16,11,CAN,Mountain,None,mc
R16C13,16,13,CAN,Mountain,None,mc
R16C15,16,15,CAN,Mountain,None,mc
R16C17,16,17,CAN,Mountain,None,mc
R16C19,16,19,CAN,Flat,None,c
R16C31,16,31,CAN,Flat,None,c
R16C37,16,37,CAN,Flat,None,c
R16C35,16,35,CAN,Flat,None,c
R16C33,16,33,CAN,Flat,None,c
R16C55,16,55,CAN,Flat,None,c
R16C57,16,57,CAN,Mountain,None,mc
R17C56,17,56,CAN,Flat,None,c
R17C54,17,54,CAN,Flat,None,c
R17C42,17,42,CAN,Mountain,None,mc
R17C48,17,48,CAN,Flat,None,c
R17C60,17,60,USA,Mountain,None,mu
R17C62,17,62,CAN,Flat,None,c
R17C64,17,64,CAN,Flat,None,c
R17C66,17,66,CAN,Flat,None,c
R17C52,17,52,CAN,Mountain,None,mc
R17C24,17,24,CAN,Flat,None,c
R17C26,17,26,CAN,Flat,None,c
R17C20,17,20,CAN,Flat,None,c
R17C22,17,22,CAN,Mountain,None,mc
R17C46,17,46,CAN,Flat,None,c
R17C44,17,44,CAN,Flat,None,c
R17C28,17,28,CAN,Flat,None,c
R17C4,17,4,USA,Flat,None,u
R17C6,17,6,USA,Flat,None,u
R17C8,17,8,USA,Mountain,None,mu
R17C38,17,38,CAN,Flat,None,c
R17C10,17,10,USA,Flat,None,u
R17C12,17,12,CAN,Flat,None,c
R17C14,17,14,CAN,Flat,None,c
R17C16,17,16,CAN,Mountain,None,mc
R17C18,17,18,CAN,Mountain,None,mc
R17C30,17,30,CAN,Flat,None,c
R17C36,17,36,CAN,Flat,None,c
R17C34,17,34,CAN,Flat,None,c
R17C32,17,32,CAN,Flat,None,c
R17C50,17,50,CAN,Flat,None,c
R18C43,18,43,CAN,Mountain,None,mc
R18C61,18,61,USA,Mountain,None,mu
R18C63,18,63,CAN,Flat,None,c
R18C49,18,49,CAN,Mountain,None,mc
R18C53,18,53,CAN,Flat,None,c
R18C25,18,25,CAN,Flat,None,c
R18C27,18,27,CAN,Flat,None,c
R18C21,18,21,CAN,Mountain,None,mc
R18C23,18,23,CAN,Mountain,None,mc
R18C47,18,47,CAN,Flat,None,c
R18C45,18,45,CAN,Flat,None,c
R18C29,18,29,CAN,Flat,None,c
R18C41,18,41,CAN,Flat,None,c
R18C5,18,5,USA,Flat,None,u
R18C7,18,7,USA,Flat,None,u
R18C9,18,9,USA,Mountain,None,mu
R18C51,18,51,CAN,Flat,None,c
R18C39,18,39,CAN,Flat,None,c
R18C65,18,65,CAN,Flat,None,c
R18C59,18,59,CAN,Mountain,None,mc
R18C11,18,11,USA,Mountain,None,mu
R18C13,18,13,USA,Mountain,None,mu
R18C15,18,15,CAN,Mountain,None,mc
R18C17,18,17,CAN,Mountain,None,mc
R18C19,18,19,CAN,Mountain,None,mc
Winnipeg,18,31,CAN,Flat,Small,1c_Winnipeg
R18C37,18,37,CAN,Flat,None,c
R18C35,18,35,CAN,Flat,None,c
R18C33,18,33,CAN,Flat,None,c
R18C55,18,55,CAN,Mountain,None,mc
R18C57,18,57,CAN,Flat,None,c
R19C56,19,56,CAN,Mountain,None,mc
R19C54,19,54,CAN,Flat,None,c
R19C42,19,42,CAN,Flat,None,c
R19C48,19,48,CAN,Mountain,None,mc
R19C60,19,60,USA,Mountain,None,mu
R19C62,19,62,USA,Flat,None,u
R19C52,19,52,CAN,Mountain,None,mc
R19C24,19,24,CAN,Flat,None,c
R19C26,19,26,CAN,Flat,None,c
R19C20,19,20,CAN,Flat,None,c
R19C22,19,22,CAN,Mountain,None,mc
R19C46,19,46,CAN,Mountain,None,mc
R19C44,19,44,CAN,Flat,None,c
R19C28,19,28,CAN,Flat,None,c
R19C40,19,40,CAN,Flat,None,c
R19C4,19,4,USA,Flat,None,u
Seattle,19,6,USA,Flat,Major,3u_Seattle
R19C8,19,8,USA,Mountain,None,mu
R19C38,19,38,CAN,Flat,None,c
R19C58,19,58,CAN,Flat,None,c
R19C10,19,10,USA,Mountain,None,mu
R19C12,19,12,USA,Mountain,None,mu
R19C14,19,14,USA,Mountain,None,mu
R19C16,19,16,USA,Mountain,None,mu
R19C18,19,18,CAN,Mountain,None,mc
R19C30,19,30,CAN,Flat,None,c
R19C36,19,36,CAN,Flat,None,c
R19C32,19,32,CAN,Flat,None,c
R19C50,19,50,CAN,Flat,None,c
R20C43,20,43,CAN,Flat,None,c
R20C61,20,61,USA,Mountain,None,mu
R20C49,20,49,CAN,Flat,None,c
R20C53,20,53,CAN,Flat,None,c
R20C25,20,25,CAN,Flat,None,c
R20C27,20,27,CAN,Flat,None,c
R20C21,20,21,CAN,Flat,None,c
R20C23,20,23,CAN,Flat,None,c
R20C47,20,47,CAN,Flat,None,c
R20C45,20,45,CAN,Mountain,None,mc
R20C29,20,29,CAN,Flat,None,c
R20C5,20,5,USA,Flat,None,u
R20C7,20,7,USA,Flat,None,u
R20C9,20,9,USA,Flat,None,u
R20C51,20,51,CAN,Flat,None,c
R20C39,20,39,CAN,Flat,None,c
R20C65,20,65,CAN,Flat,None,c
R20C59,20,59,CAN,Mountain,None,mc
R20C11,20,11,USA,Mountain,None,mu
R20C13,20,13,USA,Mountain,None,mu
R20C15,20,15,USA,Mountain,None,mu
R20C17,20,17,USA,Mountain,None,mu
R20C19,20,19,USA,Flat,None,u
R20C31,20,31,CAN,Flat,None,c
R20C37,20,37,CAN,Mountain,None,mc
R20C35,20,35,CAN,Flat,None,c
R20C33,20,33,CAN,Flat,None,c
R20C55,20,55,CAN,Mountain,None,mc
R20C57,20,57,CAN,Flat,None,c
Montreal,21,56,CAN,Flat,Medium,2c_Montreal
R21C54,21,54,CAN,Flat,None,c
R21C48,21,48,CAN,Mountain,None,mc
R21C60,21,60,USA,Flat,None,u
R21C52,21,52,CAN,Mountain,None,mc
R21C24,21,24,USA,Flat,None,u
R21C26,21,26,USA,Flat,None,u
R21C20,21,20,USA,Mountain,None,mu
R21C22,21,22,USA,Flat,None,u
R21C46,21,46,CAN,Flat,None,c
R21C44,21,44,CAN,Flat,None,c
R21C28,21,28,USA,Flat,None,u
R21C4,21,4,USA,Mountain,None,mu
R21C6,21,6,USA,Flat,None,u
R21C8,21,8,USA,Flat,None,u
R21C38,21,38,CAN,Mountain,None,mc
R21C58,21,58,CAN,Mountain,None,mc
R21C10,21,10,USA,Flat,None,u
R21C12,21,12,USA,Flat,None,u
R21C14,21,14,USA,Mountain,None,mu
R21C16,21,16,USA,Mountain,None,mu
R21C18,21,18,USA,Mountain,None,mu
R21C30,21,30,USA,Flat,None,u
R21C36,21,36,CAN,Mountain,None,mc
R21C34,21,34,CAN,Flat,None,c
R21C32,21,32,USA,Flat,None,u
R21C50,21,50,CAN,Flat,None,c
R22C61,22,61,USA,Flat,None,u
R22C53,22,53,CAN,Mountain,None,mc
R22C25,22,25,USA,Flat,None,u
R22C27,22,27,USA,Flat,None,u
R22C21,22,21,USA,Mountain,None,mu
R22C23,22,23,USA,Flat,None,u
R22C47,22,47,CAN,Flat,None,c
R22C45,22,45,CAN,Mountain,None,mc
R22C29,22,29,USA,Flat,None,u
R22C5,22,5,USA,Flat,None,u
R22C7,22,7,USA,Flat,None,u
R22C9,22,9,USA,Flat,None,u
R22C51,22,51,CAN,Mountain,None,mc
R22C59,22,59,USA,Mountain,None,mu
R22C11,22,11,USA,Mountain,None,mu
R22C13,22,13,USA,Flat,None,u
R22C15,22,15,USA,Mountain,None,mu
R22C17,22,17,USA,Mountain,None,mu
R22C19,22,19,USA,Flat,None,u
R22C31,22,31,USA,Flat,None,u
R22C37,22,37,CAN,Mountain,None,mc
R22C35,22,35,USA,Mountain,None,mu
R22C33,22,33,USA,Flat,None,u
R22C55,22,55,CAN,Flat,None,c
R22C57,22,57,CAN,Flat,None,c
R23C56,23,56,CAN,Flat,None,c
R23C54,23,54,CAN,Flat,None,c
Sudbury,23,48,CAN,Flat,Small,1c_Sudbury
Portland ME,23,60,USA,Flat,Small,1u_Portland ME
R23C52,23,52,CAN,Mountain,None,mc
R23C24,23,24,USA,Flat,None,u
R23C26,23,26,USA,Flat,None,u
R23C20,23,20,USA,Mountain,None,mu
R23C22,23,22,USA,Flat,None,u
R23C46,23,46,CAN,Flat,None,c
R23C28,23,28,USA,Flat,None,u
R23C4,23,4,USA,Flat,None,u
R23C6,23,6,USA,Flat,None,u
R23C8,23,8,USA,Mountain,None,mu
R23C38,23,38,USA,Flat,None,u
R23C58,23,58,USA,Mountain,None,mu
R23C10,23,10,USA,Flat,None,u
R23C12,23,12,USA,Mountain,None,mu
R23C14,23,14,USA,Flat,None,u
R23C16,23,16,USA,Flat,None,u
R23C18,23,18,USA,Mountain,None,mu
R23C30,23,30,USA,Flat,None,u
R23C36,23,36,USA,Mountain,None,mu
R23C34,23,34,USA,Flat,None,u
R23C32,23,32,USA,Flat,None,u
R23C50,23,50,CAN,Flat,None,c
R24C53,24,53,CAN,Mountain,None,mc
R24C25,24,25,USA,Flat,None,u
R24C27,24,27,USA,Flat,None,u
R24C21,24,21,USA,Flat,None,u
R24C23,24,23,USA,Flat,None,u
R24C47,24,47,CAN,Flat,None,c
R24C45,24,45,CAN,Flat,None,c
R24C29,24,29,USA,Flat,None,u
Portland OR,24,5,USA,Flat,Small,1u_Portland OR
R24C7,24,7,USA,Flat,None,u
R24C9,24,9,USA,Flat,None,u
R24C51,24,51,CAN,Flat,None,c
R24C59,24,59,USA,Flat,None,u
R24C11,24,11,USA,Flat,None,u
R24C13,24,13,USA,Mountain,None,mu
R24C15,24,15,USA,Mountain,None,mu
R24C17,24,17,USA,Mountain,None,mu
R24C19,24,19,USA,Flat,None,u
R24C31,24,31,USA,Flat,None,u
R24C37,24,37,USA,Flat,None,u
R24C35,24,35,USA,Flat,None,u
R24C33,24,33,USA,Flat,None,u
R24C55,24,55,CAN,Mountain,None,mc
R24C57,24,57,USA,Mountain,None,mu
R25C56,25,56,USA,Flat,None,u
R25C54,25,54,CAN,Flat,None,c
R25C60,25,60,USA,Flat,None,u
R25C52,25,52,CAN,Mountain,None,mc
R25C24,25,24,USA,Flat,None,u
R25C26,25,26,USA,Flat,None,u
R25C20,25,20,USA,Flat,None,u
R25C22,25,22,USA,Flat,None,u
R25C46,25,46,CAN,Flat,None,c
R25C44,25,44,USA,Flat,None,u
R25C28,25,28,USA,Flat,None,u
R25C40,25,40,USA,Mountain,None,mu
R25C4,25,4,USA,Flat,None,u
R25C6,25,6,USA,Mountain,None,mu
R25C8,25,8,USA,Flat,None,u
R25C58,25,58,USA,Mountain,None,mu
R25C10,25,10,USA,Flat,None,u
R25C12,25,12,USA,Mountain,None,mu
R25C14,25,14,USA,Flat,None,u
R25C16,25,16,USA,Flat,None,u
R25C18,25,18,USA,Flat,None,u
R25C30,25,30,USA,Flat,None,u
R25C36,25,36,USA,Flat,None,u
R25C34,25,34,USA,Flat,None,u
Fargo,25,32,USA,Flat,Small,1u_Fargo
R25C50,25,50,CAN,Flat,None,c
R26C43,26,43,USA,Flat,None,u
R26C53,26,53,CAN,Flat,None,c
R26C25,26,25,USA,Flat,None,u
R26C27,26,27,USA,Flat,None,u
R26C21,26,21,USA,Flat,None,u
R26C23,26,23,USA,Flat,None,u
R26C45,26,45,USA,Flat,None,u
R26C29,26,29,USA,Flat,None,u
R26C41,26,41,USA,Flat,None,u
R26C3,26,3,USA,Flat,None,u
R26C5,26,5,USA,Mountain,None,mu
R26C7,26,7,USA,Mountain,None,mu
R26C9,26,9,USA,Mountain,None,mu
R26C51,26,51,CAN,Flat,None,c
R26C39,26,39,USA,Mountain,None,mu
R26C59,26,59,USA,Mountain,None,mu
R26C11,26,11,USA,Flat,None,u
R26C13,26,13,USA,Mountain,None,mu
R26C15,26,15,USA,Flat,None,u
R26C17,26,17,USA,Mountain,None,mu
R26C19,26,19,USA,Flat,None,u
R26C31,26,31,USA,Flat,None,u
Duluth,26,37,USA,Flat,Small,1u_Duluth
R26C35,26,35,USA,Flat,None,u
R26C33,26,33,USA,Flat,None,u
R26C55,26,55,USA,Flat,None,u
R26C57,26,57,USA,Mountain,None,mu
R27C56,27,56,USA,Mountain,None,mu
R27C42,27,42,USA,Flat,None,u
R27C60,27,60,USA,Flat,None,u
R27C52,27,52,CAN,Flat,None,c
R27C24,27,24,USA,Flat,None,u
R27C26,27,26,USA,Flat,None,u
R27C20,27,20,USA,Flat,None,u
R27C22,27,22,USA,Flat,None,u
R27C28,27,28,USA,Flat,None,u
R27C40,27,40,USA,Mountain,None,mu
R27C4,27,4,USA,Flat,None,u
R27C6,27,6,USA,Mountain,None,mu
R27C8,27,8,USA,Mountain,None,mu
R27C38,27,38,USA,Mountain,None,mu
R27C58,27,58,USA,Mountain,None,mu
R27C10,27,10,USA,Mountain,None,mu
R27C12,27,12,USA,Flat,None,u
R27C14,27,14,USA,Mountain,None,mu
R27C16,27,16,USA,Mountain,None,mu
R27C18,27,18,USA,Mountain,None,mu
R27C30,27,30,USA,Flat,None,u
R27C36,27,36,USA,Flat,None,u
R27C34,27,34,USA,Flat,None,u
R27C32,27,32,USA,Flat,None,u
R27C50,27,50,CAN,Flat,None,c
R28C53,28,53,CAN,Flat,None,c
R28C25,28,25,USA,Flat,None,u
R28C27,28,27,USA,Flat,None,u
Billings,28,21,USA,Flat,Small,1u_Billings
R28C23,28,23,USA,Flat,None,u
R28C45,28,45,USA,Flat,None,u
R28C29,28,29,USA,Flat,None,u
R28C41,28,41,USA,Flat,None,u
R28C3,28,3,USA,Mountain,None,mu
R28C5,28,5,USA,Mountain,None,mu
R28C7,28,7,USA,Mountain,None,mu
R28C9,28,9,USA,Mountain,None,mu
R28C51,28,51,CAN,Flat,None,c
R28C39,28,39,USA,Mountain,None,mu
R28C59,28,59,USA,Flat,None,u
R28C11,28,11,USA,Mountain,None,mu
R28C13,28,13,USA,Mountain,None,mu
R28C15,28,15,USA,Mountain,None,mu
R28C17,28,17,USA,Mountain,None,mu
R28C19,28,19,USA,Mountain,None,mu
R28C31,28,31,USA,Flat,None,u
R28C37,28,37,USA,Flat,None,u
R28C35,28,35,USA,Flat,None,u
R28C33,28,33,USA,Flat,None,u
R28C55,28,55,USA,Mountain,None,mu
R28C57,28,57,USA,Flat,None,u
R29C56,29,56,USA,Mountain,None,mu
Boston,29,60,USA,Flat,Medium,2u_Boston
R29C52,29,52,CAN,Flat,None,c
R29C24,29,24,USA,Flat,None,u
R29C26,29,26,USA,Flat,None,u
R29C20,29,20,USA,Mountain,None,mu
R29C22,29,22,USA,Flat,None,u
R29C46,29,46,USA,Flat,None,u
R29C28,29,28,USA,Flat,None,u
R29C40,29,40,USA,Flat,None,u
R29C2,29,2,USA,Mountain,None,mu
R29C4,29,4,USA,Mountain,None,mu
R29C6,29,6,USA,Mountain,None,mu
R29C8,29,8,USA,Mountain,None,mu
R29C38,29,38,USA,Flat,None,u
R29C58,29,58,USA,Mountain,None,mu
R29C10,29,10,USA,Mountain,None,mu
R29C12,29,12,USA,Mountain,None,mu
R29C14,29,14,USA,Mountain,None,mu
R29C16,29,16,USA,Flat,None,u
R29C18,29,18,USA,Flat,None,u
R29C30,29,30,USA,Flat,None,u
R29C36,29,36,USA,Flat,None,u
R29C34,29,34,USA,Flat,None,u
R29C32,29,32,USA,Flat,None,u
R29C50,29,50,CAN,Flat,None,c
R30C49,30,49,CAN,Flat,None,c
R30C53,30,53,USA,Flat,None,u
R30C25,30,25,USA,Flat,None,u
R30C27,30,27,USA,Flat,None,u
R30C21,30,21,USA,Flat,None,u
R30C23,30,23,USA,Mountain,None,mu
R30C45,30,45,USA,Mountain,None,mu
R30C29,30,29,USA,Flat,None,u
R30C41,30,41,USA,Flat,None,u
R30C3,30,3,USA,Flat,None,u
R30C5,30,5,USA,Mountain,None,mu
R30C7,30,7,USA,Flat,None,u
R30C9,30,9,USA,Flat,None,u
Toronto,30,51,CAN,Flat,Medium,2c_Toronto
R30C39,30,39,USA,Flat,None,u
R30C59,30,59,USA,Flat,None,u
R30C11,30,11,USA,Mountain,None,mu
R30C13,30,13,USA,Mountain,None,mu
R30C15,30,15,USA,Flat,None,u
R30C17,30,17,USA,Mountain,None,mu
R30C19,30,19,USA,Mountain,None,mu
R30C31,30,31,USA,Flat,None,u
R30C37,30,37,USA,Flat,None,u
R30C35,30,35,USA,Flat,None,u
R30C33,30,33,USA,Flat,None,u
R30C55,30,55,USA,Flat,None,u
R30C57,30,57,USA,Flat,None,u
R31C56,31,56,USA,Flat,None,u
R31C54,31,54,USA,Flat,None,u
R31C60,31,60,USA,Flat,None,u
R31C52,31,52,USA,Flat,None,u
R31C24,31,24,USA,Flat,None,u
R31C26,31,26,USA,Flat,None,u
R31C20,31,20,USA,Mountain,None,mu
R31C22,31,22,USA,Flat,None,u
R31C46,31,46,USA,Flat,None,u
R31C44,31,44,USA,Flat,None,u
R31C28,31,28,USA,Flat,None,u
R31C40,31,40,USA,Flat,None,u
R31C2,31,2,USA,Mountain,None,mu
R31C4,31,4,USA,Mountain,None,mu
R31C6,31,6,USA,Mountain,None,mu
R31C8,31,8,USA,Mountain,None,mu
R31C38,31,38,USA,Flat,None,u
R31C58,31,58,USA,Flat,None,u
R31C10,31,10,USA,Mountain,None,mu
Boise,31,12,USA,Flat,Small,1u_Boise
R31C14,31,14,USA,Flat,None,u
R31C16,31,16,USA,Mountain,None,mu
R31C18,31,18,USA,Flat,None,u
R31C30,31,30,USA,Flat,None,u
Minneapolis,31,36,USA,Flat,Medium,2u_Minneapolis
R31C34,31,34,USA,Flat,None,u
R31C32,31,32,USA,Flat,None,u
R31C50,31,50,CAN,Flat,None,c
R32C49,32,49,CAN,Flat,None,c
R32C53,32,53,USA,Mountain,None,mu
R32C25,32,25,USA,Flat,None,u
R32C27,32,27,USA,Flat,None,u
R32C21,32,21,USA,Mountain,None,mu
R32C23,32,23,USA,Mountain,None,mu
R32C47,32,47,USA,Flat,None,u
R32C45,32,45,USA,Flat,None,u
R32C29,32,29,USA,Flat,None,u
R32C41,32,41,USA,Flat,None,u
R32C3,32,3,USA,Mountain,None,mu
R32C5,32,5,USA,Mountain,None,mu
R32C7,32,7,USA,Mountain,None,mu
R32C9,32,9,USA,Flat,None,u
R32C51,32,51,CAN,Flat,None,c
R32C39,32,39,USA,Flat,None,u
R32C59,32,59,USA,Flat,None,u
R32C11,32,11,USA,Mountain,None,mu
R32C13,32,13,USA,Flat,None,u
R32C15,32,15,USA,Mountain,None,mu
R32C17,32,17,USA,Mountain,None,mu
R32C19,32,19,USA,Mountain,None,mu
R32C31,32,31,USA,Flat,None,u
R32C37,32,37,USA,Flat,None,u
R32C35,32,35,USA,Flat,None,u
R32C33,32,33,USA,Flat,None,u
R32C55,32,55,USA,Mountain,None,mu
New York,32,57,USA,Flat,Major,3u_New York
R33C56,33,56,USA,Flat,None,u
R33C54,33,54,USA,Mountain,None,mu
R33C48,33,48,CAN,Flat,None,c
Buffalo,33,52,USA,Flat,Small,1u_Buffalo
R33C24,33,24,USA,Flat,None,u
R33C26,33,26,USA,Flat,None,u
R33C20,33,20,USA,Mountain,None,mu
R33C22,33,22,USA,Mountain,None,mu
R33C46,33,46,USA,Flat,None,u
R33C44,33,44,USA,Flat,None,u
R33C28,33,28,USA,Flat,None,u
R33C40,33,40,USA,Flat,None,u
R33C2,33,2,USA,Mountain,None,mu
R33C4,33,4,USA,Flat,None,u
R33C6,33,6,USA,Mountain,None,mu
R33C8,33,8,USA,Mountain,None,mu
R33C38,33,38,USA,Flat,None,u
R33C58,33,58,USA,Flat,None,u
R33C10,33,10,USA,Mountain,None,mu
R33C12,33,12,USA,Mountain,None,mu
R33C14,33,14,USA,Flat,None,u
R33C16,33,16,USA,Mountain,None,mu
R33C18,33,18,USA,Flat,None,u
R33C30,33,30,USA,Flat,None,u
R33C36,33,36,USA,Flat,None,u
R33C34,33,34,USA,Flat,None,u
R33C32,33,32,USA,Flat,None,u
R33C50,33,50,CAN,Flat,None,c
R34C49,34,49,CAN,Flat,None,c
R34C53,34,53,USA,Mountain,None,mu
R34C25,34,25,USA,Flat,None,u
R34C27,34,27,USA,Flat,None,u
R34C21,34,21,USA,Flat,None,u
R34C23,34,23,USA,Flat,None,u
R34C47,34,47,USA,Flat,None,u
R34C45,34,45,USA,Flat,None,u
R34C29,34,29,USA,Flat,None,u
R34C41,34,41,USA,Flat,None,u
R34C3,34,3,USA,Mountain,None,mu
R34C5,34,5,USA,Mountain,None,mu
R34C7,34,7,USA,Flat,None,u
R34C9,34,9,USA,Mountain,None,mu
R34C51,34,51,USA,Flat,None,u
R34C39,34,39,USA,Flat,None,u
R34C11,34,11,USA,Mountain,None,mu
R34C13,34,13,USA,Mountain,None,mu
R34C15,34,15,USA,Flat,None,u
R34C17,34,17,USA,Mountain,None,mu
R34C19,34,19,USA,Mountain,None,mu
R34C31,34,31,USA,Flat,None,u
R34C37,34,37,USA,Flat,None,u
R34C35,34,35,USA,Flat,None,u
R34C33,34,33,USA,Flat,None,u
R34C55,34,55,USA,Mountain,None,mu
R34C57,34,57,USA,Flat,None,u
R35C56,35,56,USA,Mountain,None,mu
R35C54,35,54,USA,Mountain,None,mu
R35C42,35,42,USA,Flat,None,u
R35C48,35,48,CAN,Flat,None,c
R35C52,35,52,USA,Mountain,None,mu
R35C24,35,24,USA,Mountain,None,mu
R35C26,35,26,USA,Flat,None,u
R35C20,35,20,USA,Mountain,None,mu
R35C22,35,22,USA,Mountain,None,mu
R35C46,35,46,USA,Flat,None,u
R35C44,35,44,USA,Flat,None,u
R35C28,35,28,USA,Flat,None,u
R35C40,35,40,USA,Flat,None,u
R35C2,35,2,USA,Flat,None,u
R35C4,35,4,USA,Mountain,None,mu
R35C6,35,6,USA,Mountain,None,mu
R35C8,35,8,USA,Mountain,None,mu
R35C38,35,38,USA,Flat,None,u
R35C58,35,58,USA,Flat,None,u
R35C10,35,10,USA,Flat,None,u
R35C12,35,12,USA,Mountain,None,mu
R35C14,35,14,USA,Mountain,None,mu
R35C16,35,16,USA,Mountain,None,mu
R35C18,35,18,USA,Mountain,None,mu
R35C30,35,30,USA,Flat,None,u
R35C36,35,36,USA,Flat,None,u
R35C34,35,34,USA,Flat,None,u
R35C32,35,32,USA,Flat,None,u
R35C50,35,50,USA,Flat,None,u
R36C49,36,49,USA,Flat,None,u
R36C53,36,53,USA,Mountain,None,mu
R36C25,36,25,USA,Flat,None,u
R36C27,36,27,USA,Flat,None,u
R36C21,36,21,USA,Flat,None,u
R36C23,36,23,USA,Flat,None,u
Detroit,36,47,USA,Flat,Medium,2u_Detroit
R36C45,36,45,USA,Flat,None,u
R36C29,36,29,USA,Flat,None,u
R36C41,36,41,USA,Flat,None,u
R36C1,36,1,USA,Flat,None,u
R36C3,36,3,USA,Mountain,None,mu
R36C5,36,5,USA,Flat,None,u
R36C7,36,7,USA,Mountain,None,mu
R36C9,36,9,USA,Flat,None,u
R36C51,36,51,USA,Mountain,None,mu
R36C39,36,39,USA,Flat,None,u
R36C11,36,11,USA,Mountain,None,mu
R36C13,36,13,USA,Mountain,None,mu
R36C15,36,15,USA,Mountain,None,mu
R36C17,36,17,USA,Mountain,None,mu
R36C19,36,19,USA,Flat,None,u
R36C31,36,31,USA,Flat,None,u
R36C37,36,37,USA,Flat,None,u
R36C35,36,35,USA,Flat,None,u
R36C33,36,33,USA,Flat,None,u
R36C55,36,55,USA,Flat,None,u
Philadelphia,36,57,USA,Flat,Medium,2u_Philadelphia
R37C56,37,56,USA,Flat,None,u
R37C54,37,54,USA,Mountain,None,mu
R37C42,37,42,USA,Flat,None,u
R37C48,37,48,USA,Flat,None,u
R37C52,37,52,USA,Mountain,None,mu
R37C24,37,24,USA,Flat,None,u
R37C26,37,26,USA,Flat,None,u
R37C20,37,20,USA,Mountain,None,mu
R37C22,37,22,USA,Mountain,None,mu
R37C46,37,46,USA,Flat,None,u
R37C44,37,44,USA,Flat,None,u
R37C28,37,28,USA,Flat,None,u
R37C40,37,40,USA,Flat,None,u
R37C2,37,2,USA,Mountain,None,mu
R37C4,37,4,USA,Mountain,None,mu
R37C6,37,6,USA,Mountain,None,mu
R37C8,37,8,USA,Flat,None,u
R37C38,37,38,USA,Flat,None,u
R37C58,37,58,USA,Flat,None,u
R37C10,37,10,USA,Mountain,None,mu
R37C12,37,12,USA,Flat,None,u
R37C14,37,14,USA,Flat,None,u
R37C16,37,16,USA,Mountain,None,mu
R37C18,37,18,USA,Mountain,None,mu
R37C30,37,30,USA,Flat,None,u
R37C36,37,36,USA,Flat,None,u
R37C34,37,34,USA,Flat,None,u
R37C32,37,32,USA,Flat,None,u
R37C50,37,50,USA,Flat,None,u
R38C43,38,43,USA,Flat,None,u
R38C49,38,49,USA,Flat,None,u
R38C53,38,53,USA,Mountain,None,mu
R38C25,38,25,USA,Flat,None,u
R38C27,38,27,USA,Flat,None,u
R38C21,38,21,USA,Mountain,None,mu
Cheynne,38,23,USA,Flat,Small,1u_Cheynne
R38C47,38,47,USA,Flat,None,u
R38C45,38,45,USA,Flat,None,u
R38C29,38,29,USA,Flat,None,u
Chicago,38,41,USA,Flat,Major,3u_Chicago
R38C3,38,3,USA,Mountain,None,mu
R38C5,38,5,USA,Flat,None,u
R38C7,38,7,USA,Flat,None,u
R38C9,38,9,USA,Mountain,None,mu
R38C51,38,51,USA,Flat,None,u
R38C39,38,39,USA,Flat,None,u
R38C11,38,11,USA,Flat,None,u
R38C13,38,13,USA,Mountain,None,mu
R38C15,38,15,USA,Flat,None,u
R38C17,38,17,USA,Mountain,None,mu
R38C19,38,19,USA,Mountain,None,mu
R38C31,38,31,USA,Flat,None,u
R38C37,38,37,USA,Flat,None,u
R38C35,38,35,USA,Flat,None,u
R38C33,38,33,USA,Flat,None,u
R38C55,38,55,USA,Flat,None,u
R38C57,38,57,USA,Flat,None,u
R39C56,39,56,USA,Flat,None,u
R39C54,39,54,USA,Flat,None,u
R39C42,39,42,USA,Flat,None,u
R39C48,39,48,USA,Flat,None,u
Pittsburgh,39,52,USA,Flat,Small,1u_Pittsburgh
R39C24,39,24,USA,Flat,None,u
R39C26,39,26,USA,Flat,None,u
R39C20,39,20,USA,Mountain,None,mu
R39C22,39,22,USA,Mountain,None,mu
R39C46,39,46,USA,Flat,None,u
R39C44,39,44,USA,Flat,None,u
R39C28,39,28,USA,Flat,None,u
R39C40,39,40,USA,Flat,None,u
R39C2,39,2,USA,Flat,None,u
R39C4,39,4,USA,Flat,None,u
R39C6,39,6,USA,Mountain,None,mu
R39C8,39,8,USA,Mountain,None,mu
R39C38,39,38,USA,Flat,None,u
R39C10,39,10,USA,Mountain,None,mu
R39C12,39,12,USA,Mountain,None,mu
R39C16,39,16,USA,Mountain,None,mu
R39C18,39,18,USA,Mountain,None,mu
R39C30,39,30,USA,Flat,None,u
Des Moines,39,36,USA,Flat,Small,1u_Des Moines
R39C34,39,34,USA,Flat,None,u
R39C32,39,32,USA,Flat,None,u
R39C50,39,50,USA,Flat,None,u
R40C43,40,43,USA,Flat,None,u
R40C49,40,49,USA,Flat,None,u
R40C53,40,53,USA,Mountain,None,mu
R40C25,40,25,USA,Flat,None,u
R40C27,40,27,USA,Flat,None,u
R40C21,40,21,USA,Mountain,None,mu
R40C23,40,23,USA,Flat,None,u
R40C47,40,47,USA,Flat,None,u
R40C45,40,45,USA,Flat,None,u
R40C29,40,29,USA,Flat,None,u
R40C41,40,41,USA,Flat,None,u
R40C1,40,1,USA,Flat,None,u
R40C3,40,3,USA,Mountain,None,mu
R40C5,40,5,USA,Flat,None,u
R40C7,40,7,USA,Mountain,None,mu
R40C9,40,9,USA,Flat,None,u
R40C51,40,51,USA,Mountain,None,mu
R40C39,40,39,USA,Flat,None,u
R40C11,40,11,USA,Mountain,None,mu
R40C13,40,13,USA,Mountain,None,mu
Salt Lake City,40,15,USA,Flat,Small,1u_Salt Lake City
R40C17,40,17,USA,Mountain,None,mu
R40C19,40,19,USA,Flat,None,u
R40C31,40,31,USA,Flat,None,u
R40C37,40,37,USA,Flat,None,u
R40C35,40,35,USA,Flat,None,u
Omaha,40,33,USA,Flat,Small,1u_Omaha
Washington DC,40,55,USA,Flat,Small,1u_Washington DC
R40C57,40,57,USA,Flat,None,u
R41C54,41,54,USA,Flat,None,u
R41C42,41,42,USA,Flat,None,u
R41C48,41,48,USA,Flat,None,u
R41C52,41,52,USA,Mountain,None,mu
R41C24,41,24,USA,Flat,None,u
R41C26,41,26,USA,Flat,None,u
R41C20,41,20,USA,Mountain,None,mu
R41C22,41,22,USA,Mountain,None,mu
R41C46,41,46,USA,Flat,None,u
R41C44,41,44,USA,Flat,None,u
R41C28,41,28,USA,Flat,None,u
R41C40,41,40,USA,Flat,None,u
R41C2,41,2,USA,Mountain,None,mu
R41C4,41,4,USA,Flat,None,u
R41C6,41,6,USA,Mountain,None,mu
R41C8,41,8,USA,Flat,None,u
R41C38,41,38,USA,Flat,None,u
R41C10,41,10,USA,Mountain,None,mu
R41C12,41,12,USA,Mountain,None,mu
R41C14,41,14,USA,Flat,None,u
R41C16,41,16,USA,Mountain,None,mu
R41C18,41,18,USA,Mountain,None,mu
R41C30,41,30,USA,Flat,None,u
R41C36,41,36,USA,Flat,None,u
R41C34,41,34,USA,Flat,None,u
R41C32,41,32,USA,Flat,None,u
R41C50,41,50,USA,Flat,None,u
R42C43,42,43,USA,Flat,None,u
R42C49,42,49,USA,Flat,None,u
R42C53,42,53,USA,Mountain,None,mu
R42C25,42,25,USA,Flat,None,u
R42C27,42,27,USA,Flat,None,u
R42C21,42,21,USA,Flat,None,u
Denver,42,23,USA,Flat,Medium,2u_Denver
R42C47,42,47,USA,Flat,None,u
R42C45,42,45,USA,Flat,None,u
R42C29,42,29,USA,Flat,None,u
R42C41,42,41,USA,Flat,None,u
R42C3,42,3,USA,Flat,None,u
R42C5,42,5,USA,Flat,None,u
R42C7,42,7,USA,Mountain,None,mu
R42C9,42,9,USA,Mountain,None,mu
R42C51,42,51,USA,Mountain,None,mu
R42C39,42,39,USA,Flat,None,u
R42C11,42,11,USA,Flat,None,u
R42C13,42,13,USA,Mountain,None,mu
R42C15,42,15,USA,Flat,None,u
R42C17,42,17,USA,Mountain,None,mu
R42C19,42,19,USA,Flat,None,u
R42C31,42,31,USA,Flat,None,u
R42C37,42,37,USA,Flat,None,u
R42C35,42,35,USA,Flat,None,u
R42C33,42,33,USA,Flat,None,u
R42C55,42,55,USA,Flat,None,u
R43C56,43,56,USA,Flat,None,u
R43C54,43,54,USA,Flat,None,u
R43C42,43,42,USA,Flat,None,u
R43C48,43,48,USA,Flat,None,u
R43C52,43,52,USA,Mountain,None,mu
R43C24,43,24,USA,Flat,None,u
R43C26,43,26,USA,Flat,None,u
R43C20,43,20,USA,Mountain,None,mu
R43C22,43,22,USA,Mountain,None,mu
R43C46,43,46,USA,Flat,None,u
R43C44,43,44,USA,Flat,None,u
R43C28,43,28,USA,Flat,None,u
R43C40,43,40,USA,Flat,None,u
R43C2,43,2,USA,Mountain,None,mu
R43C4,43,4,USA,Flat,None,u
R43C6,43,6,USA,Mountain,None,mu
R43C8,43,8,USA,Mountain,None,mu
R43C38,43,38,USA,Flat,None,u
R43C10,43,10,USA,Mountain,None,mu
R43C12,43,12,USA,Flat,None,u
R43C14,43,14,USA,Flat,None,u
R43C16,43,16,USA,Mountain,None,mu
R43C18,43,18,USA,Mountain,None,mu
R43C30,43,30,USA,Flat,None,u
R43C36,43,36,USA,Flat,None,u
R43C34,43,34,USA,Flat,None,u
R43C32,43,32,USA,Flat,None,u
R43C50,43,50,USA,Flat,None,u
R44C43,44,43,USA,Flat,None,u
R44C49,44,49,USA,Mountain,None,mu
R44C53,44,53,USA,Flat,None,u
R44C25,44,25,USA,Flat,None,u
R44C27,44,27,USA,Flat,None,u
R44C21,44,21,USA,Mountain,None,mu
R44C23,44,23,USA,Flat,None,u
Cincinnati,44,47,USA,Flat,Small,1u_Cincinnati
R44C45,44,45,USA,Flat,None,u
R44C29,44,29,USA,Flat,None,u
R44C41,44,41,USA,Flat,None,u
San Fransisco,44,3,USA,Flat,Medium,2u_San Fransisco
R44C5,44,5,USA,Flat,None,u
R44C7,44,7,USA,Mountain,None,mu
R44C9,44,9,USA,Flat,None,u
R44C51,44,51,USA,Mountain,None,mu
R44C39,44,39,USA,Flat,None,u
R44C11,44,11,USA,Mountain,None,mu
R44C13,44,13,USA,Mountain,None,mu
R44C15,44,15,USA,Mountain,None,mu
R44C17,44,17,USA,Mountain,None,mu
R44C19,44,19,USA,Flat,None,u
R44C31,44,31,USA,Flat,None,u
R44C37,44,37,USA,Flat,None,u
R44C35,44,35,USA,Flat,None,u
R44C33,44,33,USA,Flat,None,u
R44C55,44,55,USA,Flat,None,u
R45C56,45,56,USA,Flat,None,u
R45C54,45,54,USA,Flat,None,u
R45C42,45,42,USA,Flat,None,u
R45C48,45,48,USA,Mountain,None,mu
R45C52,45,52,USA,Mountain,None,mu
R45C24,45,24,USA,Flat,None,u
R45C26,45,26,USA,Flat,None,u
R45C20,45,20,USA,Flat,None,u
R45C22,45,22,USA,Mountain,None,mu
R45C46,45,46,USA,Flat,None,u
R45C44,45,44,USA,Flat,None,u
R45C28,45,28,USA,Flat,None,u
R45C40,45,40,USA,Flat,None,u
R45C2,45,2,USA,Mountain,None,mu
R45C4,45,4,USA,Flat,None,u
R45C6,45,6,USA,Mountain,None,mu
R45C8,45,8,USA,Mountain,None,mu
R45C38,45,38,USA,Flat,None,u
R45C10,45,10,USA,Flat,None,u
R45C12,45,12,USA,Mountain,None,mu
R45C14,45,14,USA,Mountain,None,mu
R45C16,45,16,USA,Mountain,None,mu
R45C18,45,18,USA,Mountain,None,mu
R45C30,45,30,USA,Flat,None,u
R45C36,45,36,USA,Flat,None,u
R45C34,45,34,USA,Flat,None,u
R45C32,45,32,USA,Flat,None,u
R45C50,45,50,USA,Mountain,None,mu
R46C43,46,43,USA,Flat,None,u
R46C49,46,49,USA,Mountain,None,mu
R46C53,46,53,USA,Flat,None,u
R46C25,46,25,USA,Flat,None,u
R46C27,46,27,USA,Flat,None,u
R46C21,46,21,USA,Mountain,None,mu
R46C23,46,23,USA,Flat,None,u
R46C47,46,47,USA,Flat,None,u
R46C45,46,45,USA,Flat,None,u
R46C29,46,29,USA,Flat,None,u
R46C41,46,41,USA,Flat,None,u
R46C3,46,3,USA,Mountain,None,mu
R46C5,46,5,USA,Flat,None,u
R46C7,46,7,USA,Mountain,None,mu
R46C9,46,9,USA,Mountain,None,mu
R46C51,46,51,USA,Flat,None,u
R46C39,46,39,USA,Flat,None,u
R46C11,46,11,USA,Flat,None,u
R46C13,46,13,USA,Flat,None,u
R46C15,46,15,USA,Mountain,None,mu
R46C17,46,17,USA,Mountain,None,mu
R46C19,46,19,USA,Mountain,None,mu
R46C31,46,31,USA,Flat,None,u
R46C37,46,37,USA,Flat,None,u
Kansas City,46,35,USA,Flat,Major,3u_Kansas City
R46C33,46,33,USA,Flat,None,u
R46C55,46,55,USA,Flat,None,u
Norfolk,46,57,USA,Flat,Small,1u_Norfolk
R47C56,47,56,USA,Flat,None,u
R47C54,47,54,USA,Flat,None,u
R47C42,47,42,USA,Flat,None,u
R47C48,47,48,USA,Mountain,None,mu
R47C52,47,52,USA,Mountain,None,mu
R47C24,47,24,USA,Flat,None,u
R47C26,47,26,USA,Flat,None,u
R47C20,47,20,USA,Mountain,None,mu
R47C22,47,22,USA,Mountain,None,mu
R47C46,47,46,USA,Mountain,None,mu
R47C44,47,44,USA,Flat,None,u
R47C28,47,28,USA,Flat,None,u
St. Louis,47,40,USA,Flat,Small,1u_St. Louis
R47C4,47,4,USA,Flat,None,u
R47C6,47,6,USA,Mountain,None,mu
R47C8,47,8,USA,Mountain,None,mu
R47C38,47,38,USA,Flat,None,u
R47C10,47,10,USA,Mountain,None,mu
R47C12,47,12,USA,Mountain,None,mu
R47C14,47,14,USA,Flat,None,u
R47C16,47,16,USA,Flat,None,u
R47C18,47,18,USA,Flat,None,u
R47C30,47,30,USA,Flat,None,u
R47C36,47,36,USA,Flat,None,u
R47C34,47,34,USA,Flat,None,u
R47C32,47,32,USA,Flat,None,u
R47C50,47,50,USA,Mountain,None,mu
R48C43,48,43,USA,Mountain,None,mu
R48C49,48,49,USA,Flat,None,u
R48C53,48,53,USA,Flat,None,u
R48C25,48,25,USA,Flat,None,u
R48C27,48,27,USA,Flat,None,u
R48C21,48,21,USA,Flat,None,u
R48C23,48,23,USA,Flat,None,u
R48C47,48,47,USA,Mountain,None,mu
R48C45,48,45,USA,Mountain,None,mu
R48C29,48,29,USA,Flat,None,u
R48C41,48,41,USA,Flat,None,u
R48C3,48,3,USA,Mountain,None,mu
R48C5,48,5,USA,Flat,None,u
R48C7,48,7,USA,Mountain,None,mu
R48C9,48,9,USA,Flat,None,u
R48C51,48,51,USA,Mountain,None,mu
R48C39,48,39,USA,Flat,None,u
R48C11,48,11,USA,Mountain,None,mu
R48C13,48,13,USA,Flat,None,u
R48C15,48,15,USA,Mountain,None,mu
R48C17,48,17,USA,Mountain,None,mu
R48C19,48,19,USA,Mountain,None,mu
R48C31,48,31,USA,Flat,None,u
R48C37,48,37,USA,Flat,None,u
R48C35,48,35,USA,Flat,None,u
R48C33,48,33,USA,Flat,None,u
R48C55,48,55,USA,Flat,None,u
R48C57,48,57,USA,Flat,None,u
R49C56,49,56,USA,Flat,None,u
Raleigh,49,54,USA,Flat,Small,1u_Raleigh
R49C42,49,42,USA,Flat,None,u
R49C48,49,48,USA,Mountain,None,mu
R49C52,49,52,USA,Flat,None,u
R49C24,49,24,USA,Flat,None,u
R49C26,49,26,USA,Flat,None,u
R49C20,49,20,USA,Mountain,None,mu
R49C22,49,22,USA,Mountain,None,mu
R49C46,49,46,USA,Flat,None,u
R49C44,49,44,USA,Flat,None,u
R49C28,49,28,USA,Flat,None,u
R49C40,49,40,USA,Flat,None,u
R49C4,49,4,USA,Mountain,None,mu
R49C6,49,6,USA,Mountain,None,mu
R49C8,49,8,USA,Mountain,None,mu
R49C38,49,38,USA,Flat,None,u
R49C10,49,10,USA,Mountain,None,mu
R49C12,49,12,USA,Mountain,None,mu
R49C14,49,14,USA,Mountain,None,mu
R49C16,49,16,USA,Flat,None,u
R49C18,49,18,USA,Mountain,None,mu
R49C30,49,30,USA,Flat,None,u
R49C36,49,36,USA,Flat,None,u
R49C34,49,34,USA,Flat,None,u
R49C32,49,32,USA,Flat,None,u
R49C50,49,50,USA,Mountain,None,mu
R50C43,50,43,USA,Flat,None,u
R50C49,50,49,USA,Mountain,None,mu
R50C53,50,53,USA,Flat,None,u
R50C25,50,25,USA,Flat,None,u
R50C27,50,27,USA,Flat,None,u
R50C21,50,21,USA,Mountain,None,mu
R50C23,50,23,USA,Mountain,None,mu
R50C47,50,47,USA,Mountain,None,mu
R50C45,50,45,USA,Mountain,None,mu
R50C29,50,29,USA,Flat,None,u
R50C41,50,41,USA,Flat,None,u
R50C3,50,3,USA,Flat,None,u
R50C5,50,5,USA,Flat,None,u
R50C7,50,7,USA,Mountain,None,mu
R50C9,50,9,USA,Flat,None,u
R50C51,50,51,USA,Mountain,None,mu
R50C39,50,39,USA,Flat,None,u
R50C11,50,11,USA,Mountain,None,mu
R50C13,50,13,USA,Mountain,None,mu
R50C15,50,15,USA,Mountain,None,mu
R50C17,50,17,USA,Flat,None,u
R50C19,50,19,USA,Mountain,None,mu
R50C31,50,31,USA,Flat,None,u
R50C37,50,37,USA,Flat,None,u
R50C35,50,35,USA,Flat,None,u
R50C33,50,33,USA,Flat,None,u
R50C55,50,55,USA,Flat,None,u
R50C57,50,57,USA,Flat,None,u
R51C56,51,56,USA,Flat,None,u
R51C54,51,54,USA,Flat,None,u
R51C42,51,42,USA,Flat,None,u
Knoxville,51,48,USA,Flat,Small,1u_Knoxville
R51C52,51,52,USA,Flat,None,u
R51C24,51,24,USA,Flat,None,u
R51C26,51,26,USA,Flat,None,u
R51C20,51,20,USA,Mountain,None,mu
R51C22,51,22,USA,Mountain,None,mu
R51C46,51,46,USA,Mountain,None,mu
R51C44,51,44,USA,Mountain,None,mu
R51C28,51,28,USA,Flat,None,u
R51C40,51,40,USA,Flat,None,u
R51C4,51,4,USA,Mountain,None,mu
R51C6,51,6,USA,Flat,None,u
R51C8,51,8,USA,Flat,None,u
R51C38,51,38,USA,Flat,None,u
Las Vegas,51,10,USA,Flat,Small,1u_Las Vegas
R51C12,51,12,USA,Mountain,None,mu
R51C14,51,14,USA,Mountain,None,mu
R51C16,51,16,USA,Flat,None,u
R51C18,51,18,USA,Mountain,None,mu
R51C30,51,30,USA,Flat,None,u
R51C36,51,36,USA,Mountain,None,mu
R51C34,51,34,USA,Flat,None,u
R51C32,51,32,USA,Flat,None,u
R51C50,51,50,USA,Mountain,None,mu
R52C43,52,43,USA,Flat,None,u
R52C49,52,49,USA,Mountain,None,mu
R52C53,52,53,USA,Flat,None,u
R52C25,52,25,USA,Flat,None,u
R52C27,52,27,USA,Flat,None,u
R52C21,52,21,USA,Mountain,None,mu
R52C23,52,23,USA,Mountain,None,mu
R52C47,52,47,USA,Flat,None,u
R52C45,52,45,USA,Mountain,None,mu
R52C29,52,29,USA,Flat,None,u
R52C41,52,41,USA,Flat,None,u
R52C3,52,3,USA,Mountain,None,mu
R52C5,52,5,USA,Mountain,None,mu
R52C7,52,7,USA,Mountain,None,mu
R52C9,52,9,USA,Mountain,None,mu
R52C51,52,51,USA,Flat,None,u
R52C39,52,39,USA,Flat,None,u
R52C11,52,11,USA,Mountain,None,mu
R52C13,52,13,USA,Mountain,None,mu
R52C15,52,15,USA,Flat,None,u
R52C17,52,17,USA,Mountain,None,mu
R52C19,52,19,USA,Mountain,None,mu
R52C31,52,31,USA,Flat,None,u
R52C37,52,37,USA,Mountain,None,mu
R52C35,52,35,USA,Mountain,None,mu
R52C33,52,33,USA,Flat,None,u
R52C55,52,55,USA,Flat,None,u
R53C56,53,56,USA,Flat,None,u
R53C54,53,54,USA,Flat,None,u
R53C42,53,42,USA,Flat,None,u
R53C48,53,48,USA,Mountain,None,mu
R53C52,53,52,USA,Flat,None,u
R53C24,53,24,USA,Flat,None,u
R53C26,53,26,USA,Flat,None,u
R53C20,53,20,USA,Mountain,None,mu
R53C22,53,22,USA,Mountain,None,mu
R53C46,53,46,USA,Mountain,None,mu
R53C44,53,44,USA,Mountain,None,mu
R53C28,53,28,USA,Flat,None,u
R53C40,53,40,USA,Flat,None,u
R53C4,53,4,USA,Flat,None,u
R53C6,53,6,USA,Flat,None,u
R53C8,53,8,USA,Mountain,None,mu
R53C38,53,38,USA,Mountain,None,mu
R53C10,53,10,USA,Mountain,None,mu
R53C12,53,12,USA,Mountain,None,mu
R53C14,53,14,USA,Mountain,None,mu
R53C16,53,16,USA,Flat,None,u
R53C18,53,18,USA,Flat,None,u
R53C30,53,30,USA,Flat,None,u
R53C36,53,36,USA,Mountain,None,mu
R53C34,53,34,USA,Flat,None,u
R53C32,53,32,USA,Flat,None,u
R53C50,53,50,USA,Flat,None,u
R54C43,54,43,USA,Flat,None,u
R54C49,54,49,USA,Flat,None,u
R54C53,54,53,USA,Flat,None,u
R54C25,54,25,USA,Flat,None,u
R54C27,54,27,USA,Flat,None,u
R54C21,54,21,USA,Flat,None,u
R54C23,54,23,USA,Mountain,None,mu
R54C47,54,47,USA,Mountain,None,mu
R54C45,54,45,USA,Mountain,None,mu
R54C29,54,29,USA,Flat,None,u
R54C41,54,41,USA,Flat,None,u
R54C5,54,5,USA,Flat,None,u
R54C7,54,7,USA,Flat,None,u
R54C9,54,9,USA,Flat,None,u
R54C51,54,51,USA,Flat,None,u
R54C39,54,39,USA,Flat,None,u
R54C11,54,11,USA,Mountain,None,mu
R54C13,54,13,USA,Mountain,None,mu
R54C15,54,15,USA,Flat,None,u
R54C17,54,17,USA,Mountain,None,mu
R54C19,54,19,USA,Mountain,None,mu
R54C31,54,31,USA,Flat,None,u
R54C37,54,37,USA,Mountain,None,mu
R54C35,54,35,USA,Mountain,None,mu
R54C33,54,33,USA,Flat,None,u
R54C55,54,55,USA,Flat,None,u
R55C54,55,54,USA,Flat,None,u
R55C42,55,42,USA,Flat,None,u
R55C48,55,48,USA,Flat,None,u
R55C52,55,52,USA,Flat,None,u
R55C24,55,24,USA,Flat,None,u
R55C26,55,26,USA,Flat,None,u
R55C20,55,20,USA,Mountain,None,mu
R55C22,55,22,USA,Flat,None,u
R55C46,55,46,USA,Flat,None,u
R55C44,55,44,USA,Flat,None,u
R55C28,55,28,USA,Flat,None,u
R55C40,55,40,USA,Flat,None,u
Los Angeles,55,6,USA,Flat,Major,3u_Los Angeles
R55C8,55,8,USA,Mountain,None,mu
R55C38,55,38,USA,Flat,None,u
R55C10,55,10,USA,Flat,None,u
R55C12,55,12,USA,Flat,None,u
R55C14,55,14,USA,Mountain,None,mu
R55C16,55,16,USA,Mountain,None,mu
R55C18,55,18,USA,Mountain,None,mu
R55C30,55,30,USA,Flat,None,u
R55C36,55,36,USA,Mountain,None,mu
R55C34,55,34,USA,Flat,None,u
R55C32,55,32,USA,Flat,None,u
R55C50,55,50,USA,Flat,None,u
R56C43,56,43,USA,Flat,None,u
Atlanta,56,49,USA,Flat,Major,3u_Atlanta
R56C53,56,53,USA,Flat,None,u
R56C25,56,25,USA,Flat,None,u
R56C27,56,27,USA,Flat,None,u
Santa Fe,56,21,USA,Flat,Small,1u_Santa Fe
R56C23,56,23,USA,Flat,None,u
R56C47,56,47,USA,Flat,None,u
R56C45,56,45,USA,Flat,None,u
R56C29,56,29,USA,Flat,None,u
Memphis,56,41,USA,Flat,Small,1u_Memphis
R56C5,56,5,USA,Flat,None,u
R56C7,56,7,USA,Flat,None,u
R56C9,56,9,USA,Mountain,None,mu
R56C51,56,51,USA,Flat,None,u
R56C39,56,39,USA,Flat,None,u
R56C11,56,11,USA,Flat,None,u
R56C13,56,13,USA,Flat,None,u
R56C15,56,15,USA,Mountain,None,mu
R56C17,56,17,USA,Flat,None,u
R56C19,56,19,USA,Flat,None,u
R56C31,56,31,USA,Flat,None,u
R56C37,56,37,USA,Flat,None,u
R56C35,56,35,USA,Mountain,None,mu
R56C33,56,33,USA,Flat,None,u
R57C54,57,54,USA,Flat,None,u
R57C42,57,42,USA,Flat,None,u
R57C48,57,48,USA,Flat,None,u
R57C52,57,52,USA,Flat,None,u
R57C24,57,24,USA,Flat,None,u
R57C26,57,26,USA,Flat,None,u
R57C20,57,20,USA,Flat,None,u
R57C22,57,22,USA,Mountain,None,mu
Birmingham,57,46,USA,Flat,Small,1u_Birmingham
R57C44,57,44,USA,Flat,None,u
R57C28,57,28,USA,Flat,None,u
R57C40,57,40,USA,Flat,None,u
R57C6,57,6,USA,Flat,None,u
R57C8,57,8,USA,Mountain,None,mu
R57C38,57,38,USA,Flat,None,u
R57C10,57,10,USA,Flat,None,u
R57C12,57,12,USA,Flat,None,u
R57C14,57,14,USA,Mountain,None,mu
R57C16,57,16,USA,Mountain,None,mu
R57C18,57,18,USA,Flat,None,u
R57C30,57,30,USA,Flat,None,u
R57C36,57,36,USA,Mountain,None,mu
R57C34,57,34,USA,Flat,None,u
Oklahoma City,57,32,USA,Flat,Small,1u_Oklahoma City
R57C50,57,50,USA,Flat,None,u
R58C43,58,43,USA,Flat,None,u
R58C49,58,49,USA,Flat,None,u
R58C53,58,53,USA,Flat,None,u
R58C25,58,25,USA,Flat,None,u
R58C27,58,27,USA,Flat,None,u
R58C21,58,21,USA,Mountain,None,mu
R58C23,58,23,USA,Mountain,None,mu
R58C47,58,47,USA,Flat,None,u
R58C45,58,45,USA,Flat,None,u
R58C29,58,29,USA,Flat,None,u
R58C41,58,41,USA,Flat,None,u
R58C7,58,7,USA,Flat,None,u
R58C9,58,9,USA,Flat,None,u
R58C51,58,51,USA,Flat,None,u
R58C39,58,39,USA,Flat,None,u
R58C11,58,11,USA,Flat,None,u
R58C13,58,13,USA,Flat,None,u
R58C15,58,15,USA,Flat,None,u
R58C17,58,17,USA,Mountain,None,mu
R58C19,58,19,USA,Mountain,None,mu
R58C31,58,31,USA,Flat,None,u
R58C37,58,37,USA,Flat,None,u
R58C35,58,35,USA,Flat,None,u
R58C33,58,33,USA,Flat,None,u
R59C42,59,42,USA,Flat,None,u
R59C48,59,48,USA,Flat,None,u
R59C52,59,52,USA,Flat,None,u
R59C24,59,24,USA,Flat,None,u
R59C26,59,26,USA,Flat,None,u
R59C20,59,20,USA,Mountain,None,mu
R59C22,59,22,USA,Mountain,None,mu
R59C46,59,46,USA,Flat,None,u
R59C44,59,44,USA,Flat,None,u
R59C28,59,28,USA,Flat,None,u
R59C40,59,40,USA,Flat,None,u
R59C8,59,8,USA,Mountain,None,mu
R59C38,59,38,USA,Flat,None,u
R59C10,59,10,USA,Mountain,None,mu
R59C12,59,12,USA,Mountain,None,mu
R59C14,59,14,USA,Mountain,None,mu
R59C16,59,16,USA,Mountain,None,mu
R59C18,59,18,USA,Mountain,None,mu
R59C30,59,30,USA,Flat,None,u
R59C36,59,36,USA,Flat,None,u
R59C34,59,34,USA,Flat,None,u
R59C32,59,32,USA,Flat,None,u
R59C50,59,50,USA,Flat,None,u
R60C43,60,43,USA,Flat,None,u
R60C49,60,49,USA,Flat,None,u
Savannah,60,53,USA,Flat,Medium,2u_Savannah
R60C25,60,25,USA,Flat,None,u
R60C27,60,27,USA,Flat,None,u
R60C21,60,21,USA,Mountain,None,mu
R60C23,60,23,USA,Flat,None,u
R60C47,60,47,USA,Flat,None,u
R60C45,60,45,USA,Flat,None,u
R60C29,60,29,USA,Flat,None,u
R60C41,60,41,USA,Flat,None,u
San Diego,60,7,USA,Flat,Small,1u_San Diego
R60C9,60,9,USA,Flat,None,u
R60C51,60,51,USA,Flat,None,u
R60C39,60,39,USA,Flat,None,u
R60C11,60,11,USA,Flat,None,u
R60C13,60,13,USA,Mountain,None,mu
R60C15,60,15,USA,Flat,None,u
R60C17,60,17,USA,Mountain,None,mu
R60C19,60,19,USA,Mountain,None,mu
R60C31,60,31,USA,Flat,None,u
R60C37,60,37,USA,Flat,None,u
R60C35,60,35,USA,Flat,None,u
R60C33,60,33,USA,Flat,None,u
R61C42,61,42,USA,Flat,None,u
R61C48,61,48,USA,Flat,None,u
R61C52,61,52,USA,Flat,None,u
R61C24,61,24,USA,Flat,None,u
R61C26,61,26,USA,Flat,None,u
R61C20,61,20,USA,Mountain,None,mu
R61C22,61,22,USA,Mountain,None,mu
R61C46,61,46,USA,Flat,None,u
R61C44,61,44,USA,Flat,None,u
R61C28,61,28,USA,Flat,None,u
R61C40,61,40,USA,Flat,None,u
R61C8,61,8,USA,Mountain,None,mu
R61C38,61,38,USA,Flat,None,u
R61C10,61,10,USA,Flat,None,u
R61C12,61,12,USA,Mountain,None,mu
Phoenix,61,14,USA,Flat,Small,1u_Phoenix
R61C16,61,16,USA,Flat,None,u
R61C18,61,18,USA,Mountain,None,mu
R61C30,61,30,USA,Flat,None,u
R61C36,61,36,USA,Mountain,None,mu
R61C34,61,34,USA,Flat,None,u
R61C32,61,32,USA,Flat,None,u
R61C50,61,50,USA,Flat,None,u
R62C43,62,43,USA,Flat,None,u
R62C49,62,49,USA,Flat,None,u
R62C53,62,53,USA,Flat,None,u
R62C25,62,25,USA,Flat,None,u
R62C27,62,27,USA,Flat,None,u
R62C21,62,21,USA,Flat,None,u
R62C23,62,23,USA,Mountain,None,mu
R62C47,62,47,USA,Flat,None,u
R62C45,62,45,USA,Flat,None,u
R62C29,62,29,USA,Flat,None,u
R62C41,62,41,USA,Flat,None,u
R62C9,62,9,MEX,Mountain,None,mm
R62C51,62,51,USA,Flat,None,u
R62C39,62,39,USA,Flat,None,u
R62C11,62,11,USA,Flat,None,u
R62C13,62,13,USA,Flat,None,u
R62C15,62,15,USA,Flat,None,u
R62C17,62,17,USA,Flat,None,u
R62C19,62,19,USA,Flat,None,u
R62C31,62,31,USA,Flat,None,u
R62C37,62,37,USA,Flat,None,u
R62C35,62,35,USA,Flat,None,u
R62C33,62,33,USA,Flat,None,u
R63C42,63,42,USA,Flat,None,u
R63C48,63,48,USA,Flat,None,u
R63C52,63,52,USA,Flat,None,u
R63C24,63,24,USA,Mountain,None,mu
R63C26,63,26,USA,Flat,None,u
R63C20,63,20,USA,Mountain,None,mu
R63C22,63,22,USA,Mountain,None,mu
R63C46,63,46,USA,Flat,None,u
R63C44,63,44,USA,Flat,None,u
R63C28,63,28,USA,Flat,None,u
R63C40,63,40,USA,Flat,None,u
R63C8,63,8,MEX,Mountain,None,mm
R63C38,63,38,USA,Flat,None,u
R63C10,63,10,MEX,Flat,None,m
R63C12,63,12,USA,Flat,None,u
R63C14,63,14,USA,Flat,None,u
R63C16,63,16,USA,Mountain,None,mu
R63C18,63,18,USA,Mountain,None,mu
R63C30,63,30,USA,Flat,None,u
R63C36,63,36,USA,Mountain,None,mu
R63C34,63,34,USA,Flat,None,u
R63C32,63,32,USA,Flat,None,u
R63C50,63,50,USA,Flat,None,u
R64C43,64,43,USA,Flat,None,u
R64C49,64,49,USA,Flat,None,u
Jacksonville,64,53,USA,Flat,Small,1u_Jacksonville
R64C25,64,25,USA,Mountain,None,mu
R64C27,64,27,USA,Flat,None,u
R64C21,64,21,USA,Mountain,None,mu
R64C23,64,23,USA,Flat,None,u
R64C47,64,47,USA,Flat,None,u
R64C45,64,45,USA,Flat,None,u
R64C29,64,29,USA,Flat,None,u
R64C41,64,41,USA,Flat,None,u
R64C9,64,9,MEX,Mountain,None,mm
R64C51,64,51,USA,Flat,None,u
R64C39,64,39,USA,Flat,None,u
R64C11,64,11,MEX,Flat,None,m
R64C13,64,13,USA,Mountain,None,mu
R64C15,64,15,USA,Flat,None,u
R64C17,64,17,USA,Mountain,None,mu
R64C19,64,19,USA,Flat,None,u
R64C31,64,31,USA,Flat,None,u
R64C37,64,37,USA,Flat,None,u
R64C35,64,35,USA,Flat,None,u
Dallas,64,33,USA,Flat,Medium,2u_Dallas
R65C42,65,42,USA,Flat,None,u
R65C48,65,48,USA,Flat,None,u
R65C52,65,52,USA,Flat,None,u
R65C24,65,24,USA,Mountain,None,mu
R65C26,65,26,USA,Flat,None,u
R65C20,65,20,USA,Flat,None,u
R65C22,65,22,USA,Flat,None,u
R65C46,65,46,USA,Flat,None,u
R65C44,65,44,USA,Flat,None,u
R65C28,65,28,USA,Flat,None,u
R65C40,65,40,USA,Flat,None,u
R65C8,65,8,MEX,Flat,None,m
R65C38,65,38,USA,Flat,None,u
R65C12,65,12,MEX,Flat,None,m
R65C14,65,14,USA,Mountain,None,mu
R65C16,65,16,USA,Flat,None,u
R65C18,65,18,USA,Flat,None,u
R65C30,65,30,USA,Flat,None,u
R65C36,65,36,USA,Mountain,None,mu
R65C34,65,34,USA,Flat,None,u
R65C32,65,32,USA,Flat,None,u
R65C50,65,50,USA,Flat,None,u
R66C43,66,43,USA,Flat,None,u
R66C49,66,49,USA,Flat,None,u
R66C53,66,53,USA,Flat,None,u
R66C25,66,25,USA,Mountain,None,mu
R66C27,66,27,USA,Flat,None,u
R66C21,66,21,USA,Flat,None,u
R66C23,66,23,USA,Mountain,None,mu
R66C47,66,47,USA,Flat,None,u
R66C45,66,45,USA,Flat,None,u
R66C29,66,29,USA,Flat,None,u
R66C41,66,41,USA,Flat,None,u
R66C9,66,9,MEX,Flat,None,m
R66C51,66,51,USA,Flat,None,u
R66C39,66,39,USA,Flat,None,u
R66C13,66,13,MEX,Flat,None,m
R66C15,66,15,MEX,Mountain,None,mm
R66C17,66,17,USA,Flat,None,u
R66C19,66,19,MEX,Flat,None,m
R66C31,66,31,USA,Flat,None,u
R66C37,66,37,USA,Flat,None,u
R66C35,66,35,USA,Flat,None,u
R66C33,66,33,USA,Flat,None,u
R67C54,67,54,USA,Flat,None,u
R67C42,67,42,USA,Flat,None,u
R67C52,67,52,USA,Flat,None,u
R67C24,67,24,USA,Flat,None,u
R67C26,67,26,USA,Mountain,None,mu
Juarez,67,20,MEX,Flat,Small,1m_Juarez
R67C22,67,22,USA,Mountain,None,mu
R67C28,67,28,USA,Flat,None,u
R67C40,67,40,USA,Flat,None,u
R67C8,67,8,MEX,Flat,None,m
R67C38,67,38,USA,Flat,None,u
R67C12,67,12,MEX,Flat,None,m
R67C14,67,14,MEX,Mountain,None,mm
R67C16,67,16,MEX,Mountain,None,mm
R67C18,67,18,MEX,Flat,None,m
R67C30,67,30,USA,Flat,None,u
R67C36,67,36,USA,Mountain,None,mu
R67C34,67,34,USA,Flat,None,u
R67C32,67,32,USA,Flat,None,u
R68C53,68,53,USA,Flat,None,u
R68C25,68,25,USA,Mountain,None,mu
R68C27,68,27,USA,Flat,None,u
R68C21,68,21,MEX,Flat,None,m
R68C23,68,23,USA,Mountain,None,mu
R68C29,68,29,USA,Flat,None,u
New Orleans,68,41,USA,Flat,Medium,2u_New Orleans
R68C9,68,9,MEX,Flat,None,m
R68C39,68,39,USA,Flat,None,u
R68C13,68,13,MEX,Flat,None,m
R68C15,68,15,MEX,Mountain,None,mm
R68C17,68,17,MEX,Mountain,None,mm
R68C19,68,19,MEX,Flat,None,m
R68C31,68,31,USA,Flat,None,u
R68C37,68,37,USA,Flat,None,u
R68C35,68,35,USA,Flat,None,u
R68C33,68,33,USA,Flat,None,u
R69C54,69,54,USA,Flat,None,u
R69C42,69,42,USA,Flat,None,u
R69C52,69,52,USA,Flat,None,u
R69C24,69,24,USA,Mountain,None,mu
R69C26,69,26,USA,Flat,None,u
R69C20,69,20,MEX,Flat,None,m
R69C22,69,22,MEX,Flat,None,m
R69C28,69,28,USA,Flat,None,u
R69C40,69,40,USA,Flat,None,u
R69C38,69,38,USA,Flat,None,u
R69C14,69,14,MEX,Flat,None,m
R69C16,69,16,MEX,Mountain,None,mm
R69C18,69,18,MEX,Mountain,None,mm
R69C30,69,30,USA,Flat,None,u
R69C36,69,36,USA,Mountain,None,mu
R69C34,69,34,USA,Flat,None,u
R69C32,69,32,USA,Flat,None,u
R70C53,70,53,USA,Flat,None,u
R70C25,70,25,USA,Flat,None,u
R70C27,70,27,USA,Flat,None,u
R70C21,70,21,MEX,Flat,None,m
R70C23,70,23,USA,Mountain,None,mu
R70C29,70,29,USA,Flat,None,u
R70C41,70,41,USA,Flat,None,u
R70C9,70,9,MEX,Flat,None,m
R70C13,70,13,MEX,Flat,None,m
R70C15,70,15,MEX,Mountain,None,mm
R70C17,70,17,MEX,Mountain,None,mm
R70C19,70,19,MEX,Mountain,None,mm
R70C31,70,31,USA,Flat,None,u
Houston,70,35,USA,Flat,Medium,2u_Houston
R70C33,70,33,USA,Flat,None,u
R70C55,70,55,USA,Flat,None,u
R71C54,71,54,USA,Flat,None,u
Tampa,71,52,USA,Flat,Small,1u_Tampa
R71C24,71,24,USA,Mountain,None,mu
R71C26,71,26,MEX,Flat,None,m
R71C20,71,20,MEX,Mountain,None,mm
R71C22,71,22,MEX,Flat,None,m
R71C28,71,28,USA,Flat,None,u
R71C10,71,10,MEX,Flat,None,m
Hermosillo,71,14,MEX,Flat,Small,1m_Hermosillo
R71C16,71,16,MEX,Mountain,None,mm
R71C18,71,18,MEX,Mountain,None,mm
R71C30,71,30,USA,Flat,None,u
R71C34,71,34,USA,Flat,None,u
R71C32,71,32,USA,Flat,None,u
R72C53,72,53,USA,Flat,None,u
R72C25,72,25,USA,Flat,None,u
R72C27,72,27,MEX,Flat,None,m
R72C21,72,21,MEX,Flat,None,m
R72C23,72,23,MEX,Flat,None,m
R72C29,72,29,USA,Flat,None,u
R72C11,72,11,MEX,Flat,None,m
R72C13,72,13,MEX,Flat,None,m
R72C15,72,15,MEX,Mountain,None,mm
R72C17,72,17,MEX,Mountain,None,mm
R72C19,72,19,MEX,Mountain,None,mm
R72C31,72,31,USA,Flat,None,u
R72C35,72,35,USA,Flat,None,u
R72C33,72,33,USA,Flat,None,u
R72C55,72,55,USA,Flat,None,u
R73C56,73,56,USA,Flat,None,u
R73C54,73,54,USA,Flat,None,u
R73C24,73,24,MEX,Flat,None,m
R73C26,73,26,MEX,Mountain,None,mm
R73C20,73,20,MEX,Mountain,None,mm
R73C22,73,22,MEX,Mountain,None,mm
R73C28,73,28,MEX,Flat,None,m
R73C14,73,14,MEX,Flat,None,m
R73C16,73,16,MEX,Mountain,None,mm
R73C18,73,18,MEX,Mountain,None,mm
R73C30,73,30,USA,Flat,None,u
R73C32,73,32,USA,Flat,None,u
R74C25,74,25,MEX,Flat,None,m
R74C27,74,27,MEX,Flat,None,m
Chihuahua,74,21,MEX,Flat,Small,1m_Chihuahua
R74C23,74,23,MEX,Flat,None,m
R74C29,74,29,USA,Flat,None,u
R74C11,74,11,MEX,Flat,None,m
R74C15,74,15,MEX,Flat,None,m
R74C17,74,17,MEX,Mountain,None,mm
R74C19,74,19,MEX,Mountain,None,mm
R74C31,74,31,USA,Flat,None,u
R74C33,74,33,USA,Flat,None,u
R74C55,74,55,USA,Flat,None,u
Miami,75,56,USA,Flat,Small,1u_Miami
R75C54,75,54,USA,Flat,None,u
R75C24,75,24,MEX,Flat,None,m
R75C26,75,26,MEX,Flat,None,m
R75C20,75,20,MEX,Mountain,None,mm
R75C22,75,22,MEX,Mountain,None,mm
R75C28,75,28,MEX,Flat,None,m
R75C10,75,10,MEX,Flat,None,m
R75C16,75,16,MEX,Mountain,None,mm
R75C18,75,18,MEX,Mountain,None,mm
R75C30,75,30,USA,Flat,None,u
R75C32,75,32,USA,Flat,None,u
R76C25,76,25,MEX,Flat,None,m
R76C27,76,27,MEX,Mountain,None,mm
R76C21,76,21,MEX,Flat,None,m
R76C23,76,23,MEX,Flat,None,m
R76C29,76,29,MEX,Flat,None,m
R76C11,76,11,MEX,Flat,None,m
R76C15,76,15,MEX,Flat,None,m
R76C17,76,17,MEX,Mountain,None,mm
R76C19,76,19,MEX,Mountain,None,mm
R76C31,76,31,USA,Flat,None,u
R76C55,76,55,USA,Flat,None,u
R77C24,77,24,MEX,Flat,None,m
R77C26,77,26,MEX,Flat,None,m
R77C20,77,20,MEX,Mountain,None,mm
R77C22,77,22,MEX,Mountain,None,mm
R77C28,77,28,MEX,Flat,None,m
R77C12,77,12,MEX,Flat,None,m
R77C16,77,16,MEX,Flat,None,m
R77C18,77,18,MEX,Mountain,None,mm
R77C30,77,30,USA,Flat,None,u
R77C32,77,32,USA,Flat,None,u
R78C25,78,25,MEX,Flat,None,m
R78C27,78,27,MEX,Flat,None,m
R78C21,78,21,MEX,Flat,None,m
R78C23,78,23,MEX,Flat,None,m
R78C29,78,29,MEX,Flat,None,m
R78C17,78,17,MEX,Mountain,None,mm
R78C19,78,19,MEX,Mountain,None,mm
R78C31,78,31,USA,Flat,None,u
R79C24,79,24,MEX,Flat,None,m
R79C26,79,26,MEX,Flat,None,m
R79C20,79,20,MEX,Mountain,None,mm
R79C22,79,22,MEX,Mountain,None,mm
R79C28,79,28,MEX,Flat,None,m
R79C12,79,12,MEX,Flat,None,m
R79C18,79,18,MEX,Mountain,None,mm
R79C30,79,30,MEX,Flat,None,m
R79C32,79,32,USA,Flat,None,u
Torreon,80,25,MEX,Flat,Small,1m_Torreon
R80C27,80,27,MEX,Flat,None,m
R80C21,80,21,MEX,Mountain,None,mm
R80C23,80,23,MEX,Flat,None,m
Monterrey,80,29,MEX,Flat,Medium,2m_Monterrey
R80C13,80,13,MEX,Flat,None,m
R80C17,80,17,MEX,Flat,None,m
R80C19,80,19,MEX,Mountain,None,mm
R80C31,80,31,MEX,Flat,None,m
R81C24,81,24,MEX,Flat,None,m
R81C26,81,26,MEX,Flat,None,m
R81C20,81,20,MEX,Mountain,None,mm
R81C22,81,22,MEX,Mountain,None,mm
R81C28,81,28,MEX,Mountain,None,mm
R81C18,81,18,MEX,Flat,None,m
R81C30,81,30,MEX,Flat,None,m
R81C32,81,32,MEX,Flat,None,m
R82C25,82,25,MEX,Flat,None,m
R82C27,82,27,MEX,Flat,None,m
R82C21,82,21,MEX,Mountain,None,mm
R82C23,82,23,MEX,Mountain,None,mm
R82C29,82,29,MEX,Mountain,None,mm
R82C13,82,13,MEX,Flat,None,m
R82C19,82,19,MEX,Flat,None,m
R82C31,82,31,MEX,Flat,None,m
R83C24,83,24,MEX,Mountain,None,mm
R83C26,83,26,MEX,Flat,None,m
R83C20,83,20,MEX,Mountain,None,mm
Durango,83,22,MEX,Flat,Small,1m_Durango
R83C28,83,28,MEX,Mountain,None,mm
R83C14,83,14,MEX,Flat,None,m
R83C30,83,30,MEX,Mountain,None,mm
R83C32,83,32,MEX,Flat,None,m
R84C25,84,25,MEX,Flat,None,m
R84C27,84,27,MEX,Flat,None,m
R84C21,84,21,MEX,Mountain,None,mm
R84C23,84,23,MEX,Mountain,None,mm
R84C29,84,29,MEX,Mountain,None,mm
Culiacan,84,19,MEX,Flat,Small,1m_Culiacan
R84C31,84,31,MEX,Flat,None,m
R85C24,85,24,MEX,Mountain,None,mm
R85C26,85,26,MEX,Flat,None,m
R85C20,85,20,MEX,Flat,None,m
R85C22,85,22,MEX,Mountain,None,mm
R85C28,85,28,MEX,Flat,None,m
R85C14,85,14,MEX,Flat,None,m
R85C30,85,30,MEX,Mountain,None,mm
R85C32,85,32,MEX,Flat,None,m
R86C25,86,25,MEX,Mountain,None,mm
R86C27,86,27,MEX,Flat,None,m
R86C21,86,21,MEX,Mountain,None,mm
R86C23,86,23,MEX,Mountain,None,mm
R86C29,86,29,MEX,Mountain,None,mm
R86C15,86,15,MEX,Flat,None,m
R86C31,86,31,MEX,Mountain,None,mm
R87C24,87,24,MEX,Mountain,None,mm
R87C26,87,26,MEX,Mountain,None,mm
R87C20,87,20,MEX,Flat,None,m
R87C22,87,22,MEX,Mountain,None,mm
R87C28,87,28,MEX,Flat,None,m
R87C16,87,16,MEX,Flat,None,m
R87C30,87,30,MEX,Mountain,None,mm
R87C32,87,32,MEX,Flat,None,m
R88C25,88,25,MEX,Mountain,None,mm
R88C27,88,27,MEX,Flat,None,m
R88C21,88,21,MEX,Flat,None,m
R88C23,88,23,MEX,Mountain,None,mm
R88C29,88,29,MEX,Mountain,None,mm
R88C31,88,31,MEX,Mountain,None,mm
R89C24,89,24,MEX,Mountain,None,mm
R89C26,89,26,MEX,Mountain,None,mm
R89C22,89,22,MEX,Mountain,None,mm
R89C28,89,28,MEX,Flat,None,m
R89C30,89,30,MEX,Mountain,None,mm
Tampico,89,32,MEX,Flat,Small,1m_Tampico
R90C25,90,25,MEX,Mountain,None,mm
R90C27,90,27,MEX,Flat,None,m
R90C23,90,23,MEX,Mountain,None,mm
R90C47,90,47,MEX,Flat,None,m
R90C45,90,45,MEX,Flat,None,m
R90C29,90,29,MEX,Flat,None,m
R90C31,90,31,MEX,Mountain,None,mm
R91C24,91,24,MEX,Mountain,None,mm
R91C26,91,26,MEX,Mountain,None,mm
R91C22,91,22,MEX,Flat,None,m
R91C46,91,46,MEX,Flat,None,m
R91C44,91,44,MEX,Flat,None,m
R91C28,91,28,MEX,Flat,None,m
R91C30,91,30,MEX,Mountain,None,mm
R91C32,91,32,MEX,Flat,None,m
R92C25,92,25,MEX,Mountain,None,mm
R92C27,92,27,MEX,Mountain,None,mm
R92C23,92,23,MEX,Flat,None,m
R92C47,92,47,MEX,Flat,None,m
R92C45,92,45,MEX,Flat,None,m
R92C29,92,29,MEX,Flat,None,m
R92C31,92,31,MEX,Mountain,None,mm
R92C33,92,33,MEX,Flat,None,m
R93C24,93,24,MEX,Mountain,None,mm
R93C26,93,26,MEX,Mountain,None,mm
R93C46,93,46,MEX,Flat,None,m
R93C44,93,44,MEX,Flat,None,m
R93C28,93,28,MEX,Mountain,None,mm
R93C30,93,30,MEX,Flat,None,m
R93C32,93,32,MEX,Flat,None,m
R94C25,94,25,MEX,Flat,None,m
R94C27,94,27,MEX,Mountain,None,mm
R94C23,94,23,MEX,Flat,None,m
R94C47,94,47,MEX,Flat,None,m
R94C45,94,45,MEX,Flat,None,m
R94C29,94,29,MEX,Flat,None,m
R94C31,94,31,MEX,Mountain,None,mm
R94C33,94,33,MEX,Flat,None,m
Guadalajara,95,24,MEX,Flat,Medium,2m_Guadalajara
R95C26,95,26,MEX,Flat,None,m
R95C46,95,46,MEX,Flat,None,m
R95C44,95,44,MEX,Flat,None,m
R95C28,95,28,MEX,Mountain,None,mm
R95C30,95,30,MEX,Flat,None,m
R95C34,95,34,MEX,Mountain,None,mm
R95C32,95,32,MEX,Mountain,None,mm
R96C43,96,43,MEX,Flat,None,m
R96C25,96,25,MEX,Mountain,None,mm
R96C27,96,27,MEX,Flat,None,m
R96C23,96,23,MEX,Flat,None,m
R96C47,96,47,MEX,Flat,None,m
R96C45,96,45,MEX,Flat,None,m
R96C29,96,29,MEX,Flat,None,m
R96C31,96,31,MEX,Flat,None,m
R96C33,96,33,MEX,Mountain,None,mm
R97C24,97,24,MEX,Mountain,None,mm
R97C26,97,26,MEX,Mountain,None,mm
R97C22,97,22,MEX,Mountain,None,mm
R97C46,97,46,MEX,Flat,None,m
R97C44,97,44,MEX,Flat,None,m
R97C28,97,28,MEX,Mountain,None,mm
R97C30,97,30,MEX,Flat,None,m
R97C34,97,34,MEX,Mountain,None,mm
R97C32,97,32,MEX,Flat,None,m
R98C43,98,43,MEX,Flat,None,m
R98C25,98,25,MEX,Flat,None,m
R98C27,98,27,MEX,Mountain,None,mm
R98C23,98,23,MEX,Mountain,None,mm
R98C45,98,45,MEX,Flat,None,m
R98C29,98,29,MEX,Mountain,None,mm
R98C41,98,41,MEX,Flat,None,m
Mexico City,98,31,MEX,Flat,Major,3m_Mexico City
Veracruz,98,35,MEX,Flat,Small,1m_Veracruz
R98C33,98,33,MEX,Mountain,None,mm
R99C42,99,42,MEX,Flat,None,m
R99C24,99,24,MEX,Flat,None,m
R99C26,99,26,MEX,Mountain,None,mm
R99C44,99,44,MEX,Flat,None,m
R99C28,99,28,MEX,Mountain,None,mm
R99C40,99,40,MEX,Flat,None,m
R99C30,99,30,MEX,Flat,None,m
R99C34,99,34,MEX,Flat,None,m
R99C32,99,32,MEX,Flat,None,m
R100C25,100,25,MEX,Mountain,None,mm
R100C27,100,27,MEX,Flat,None,m
R100C29,100,29,MEX,Mountain,None,mm
R100C41,100,41,MEX,Flat,None,m
R100C39,100,39,MEX,Flat,None,m
R100C31,100,31,MEX,Flat,None,m
R100C37,100,37,MEX,Flat,None,m
R100C35,100,35,MEX,Flat,None,m
R100C33,100,33,MEX,Mountain,None,mm
R101C42,101,42,MEX,Flat,None,m
R101C26,101,26,MEX,Mountain,None,mm
R101C28,101,28,MEX,Mountain,None,mm
R101C40,101,40,MEX,Flat,None,m
R101C38,101,38,MEX,Flat,None,m
R101C30,101,30,MEX,Mountain,None,mm
R101C36,101,36,MEX,Flat,None,m
R101C34,101,34,MEX,Mountain,None,mm
R101C32,101,32,MEX,Mountain,None,mm
R102C29,102,29,MEX,Mountain,None,mm
R102C41,102,41,MEX,Mountain,None,mm
R102C39,102,39,MEX,Mountain,None,mm
R102C31,102,31,MEX,Mountain,None,mm
R102C37,102,37,MEX,Flat,None,m
R102C35,102,35,MEX,Flat,None,m
R102C33,102,33,MEX,Mountain,None,mm
R103C42,103,42,MEX,Mountain,None,mm
R103C40,103,40,MEX,Mountain,None,mm
R103C38,103,38,MEX,Mountain,None,mm
R103C30,103,30,MEX,Mountain,None,mm
R103C36,103,36,MEX,Mountain,None,mm
R103C34,103,34,MEX,Mountain,None,mm
R103C32,103,32,MEX,Mountain,None,mm
R104C41,104,41,MEX,Mountain,None,mm
R104C39,104,39,MEX,Mountain,None,mm
R104C31,104,31,MEX,Mountain,None,mm
R104C37,104,37,MEX,Flat,None,m
R104C35,104,35,MEX,Flat,None,m
R104C33,104,33,MEX,Mountain,None,mm
R105C40,105,40,MEX,Flat,None,m
R105C36,105,36,MEX,Mountain,None,mm
R105C34,105,34,MEX,Mountain,None,mm
R106C41,106,41,MEX,Flat,None,m
R106C35,106,35,MEX,Flat,None,m
